FPC,Description,Size,Ref EAN,Packsize,Subbrand,Norm lineup
81499709,PA ABD M5P S3 4x42 CP CEE {CS} [81499709] (4015400537410),S3,4015400537410,Carry Pack,BSOD,BSOD Carry Pack
81499717,PA ABD M5P S4 4x36 CP CEE {CS} [81499717] (4015400537441),S4,4015400537441,Carry Pack,BSOD,BSOD Carry Pack
81499728,PA ABD M5P S5 4x28 CP CEE {CS} [81499728] (4015400537625),S5,4015400537625,Carry Pack,BSOD,BSOD Carry Pack
81499733,PA ABD M5P S6 4x24 CP CEE {CS} [81499733] (4015400537830),S6,4015400537830,Carry Pack,BSOD,BSOD Carry Pack
81501365,PA NBD M5P S2 4x43 CP CEE {CS} [81501365] (4015400704287),S2,4015400704287,Carry Pack,BSOD,BSOD Carry Pack
81555670,PA ABD M6 S3 4x42 CP CEE {CS} [81555670] (4015400537410),S3,4015400537410,Carry Pack,BSOD,BSOD Carry Pack
81555681,PA ABD M6 S4 4x36 CP CEE {CS} [81555681] (4015400988236),S4,4015400988236,Carry Pack,BSOD,BSOD Carry Pack
81555697,PA ABD M6 S5 6x28 CP CEE {CS} [81555697] (4015400774587),S5,4015400774587,Carry Pack,BSOD,BSOD Carry Pack
81555709,PA ABD M6 S6 4x24 CP CEE {CS} [81555709] (4015400537830),S6,4015400537830,Carry Pack,BSOD,BSOD Carry Pack
81555797,PA ABD M6 S3 4x42 CP CEE GYO {CS} [81555797] (4015400537410),S3,4015400537410,Carry Pack,BSOD,BSOD Carry Pack
81555809,PA ABD M6 S4 4x36 CP CEE GYO {CS} [81555809] (4015400988236),S4,4015400988236,Carry Pack,BSOD,BSOD Carry Pack
81555834,PA ABD M6 S5 6x28 CP CEE GYO {CS} [81555834] (4015400774587),S5,4015400774587,Carry Pack,BSOD,BSOD Carry Pack
81561944,PA NBD M6 S2 4x43 CP CEE {CS} [81561944] (4015400704287),S2,4015400704287,Carry Pack,BSOD,BSOD Carry Pack
81527651,PA NBD M5P S2 2x100 GP CEE {CS} [81527651] (4015400736141),S2,4015400736141,Giant Pack,BSOD,BSOD Giant Pack
81527652,PA ABD M5P S3 2x90 GP CEE {CS} [81527652] (4015400736196),S3,4015400736196,Giant Pack,BSOD,BSOD Giant Pack
81527653,PA ABD M5P S4 2x76 GP CEE {CS} [81527653] (4015400736240),S4,4015400736240,Giant Pack,BSOD,BSOD Giant Pack
81527654,PA ABD M5P S4P 2x70 GP CEE {CS} [81527654] (4015400736295),S4P,4015400736295,Giant Pack,BSOD,BSOD Giant Pack
81527655,PA ABD M5P S5 2x64 GP CEE {CS} [81527655] (4015400736349),S5,4015400736349,Giant Pack,BSOD,BSOD Giant Pack
81527656,PA ABD M5P S6 2x56 GP CEE {CS} [81527656] (4015400736394),S6,4015400736394,Giant Pack,BSOD,BSOD Giant Pack
81529515,PA ABD M5P S3 2x90 GP CEE GYO {CS} [81529515] (4015400736196),S3,4015400736196,Giant Pack,BSOD,BSOD Giant Pack
81529516,PA ABD M5P S4 2x76 GP CEE GYO {CS} [81529516] (4015400736240),S4,4015400736240,Giant Pack,BSOD,BSOD Giant Pack
81529517,PA ABD M5P S4P 2x70 GP CEE GYO {CS} [81529517] (4015400736295),S4P,4015400736295,Giant Pack,BSOD,BSOD Giant Pack
81529518,PA ABD M5P S5 2x64 GP CEE GYO {CS} [81529518] (4015400736349),S5,4015400736349,Giant Pack,BSOD,BSOD Giant Pack
81555674,PA ABD M6 S3 2x90 GP CEE {CS} [81555674] (4015400736196),S3,4015400736196,Giant Pack,BSOD,BSOD Giant Pack
81555679,PA ABD M6 S4 2x76 GP CEE {CS} [81555679] (4015400736240),S4,4015400736240,Giant Pack,BSOD,BSOD Giant Pack
81555689,PA ABD M6 S4P 2x70 GP CEE {CS} [81555689] (4015400736295),S4P,4015400736295,Giant Pack,BSOD,BSOD Giant Pack
81555698,PA ABD M6 S5 2x64 GP CEE {CS} [81555698] (4015400988205),S5,4015400988205,Giant Pack,BSOD,BSOD Giant Pack
81555710,PA ABD M6 S6 2x56 GP CEE {CS} [81555710] (4015400736394),S6,4015400736394,Giant Pack,BSOD,BSOD Giant Pack
81555801,PA ABD M6 S3 2x90 GP CEE GYO {CS} [81555801] (4015400736196),S3,4015400736196,Giant Pack,BSOD,BSOD Giant Pack
81555806,PA ABD M6 S4 2x76 GP CEE GYO {CS} [81555806] (4015400736240),S4,4015400736240,Giant Pack,BSOD,BSOD Giant Pack
81555818,PA ABD M6 S4P 2x70 GP CEE GYO {CS} [81555818] (4015400736295),S4P,4015400736295,Giant Pack,BSOD,BSOD Giant Pack
81555837,PA ABD M6 S5 2x64 GP CEE GYO {CS} [81555837] (4015400988205),S5,4015400988205,Giant Pack,BSOD,BSOD Giant Pack
81561955,PA NBD M6 S2 1x100 GB CEE {CS} [81561955] (4015400857228),S2,4015400857228,Giant Pack,BSOD,BSOD Giant Pack
81617910,PA ABD M6 S5 3x64 GP CEE rev {CS} [81617910] (8001090278067),S5,8001090278067,Giant Pack,BSOD,BSOD Giant Pack
81617911,PA ABD M6 S5 3x64 GP CEE GYO rev {CS} [81617911] (8001090278067),S5,8001090278067,Giant Pack,BSOD,BSOD Giant Pack
81528066,PA ABD M5P S3 1x108 GPP CEE {CS} [81528066] (4015400737018),S3,4015400737018,Giant Pack Plus,BSOD,BSOD Giant Pack Plus
81528067,PA ABD M5P S4 1x90 GPP CEE {CS} [81528067] (4015400737056),S4,4015400737056,Giant Pack Plus,BSOD,BSOD Giant Pack Plus
81528069,PA ABD M5P S5 1x78 GPP CEE {CS} [81528069] (4015400737094),S5,4015400737094,Giant Pack Plus,BSOD,BSOD Giant Pack Plus
81528070,PA ABD M5P S6 1x66 GPP CEE {CS} [81528070] (4015400737131),S6,4015400737131,Giant Pack Plus,BSOD,BSOD Giant Pack Plus
81530060,PA ABD M5P S3 1x108 GPP CEE GYO {CS} [81530060] (4015400737018),S3,4015400737018,Giant Pack Plus,BSOD,BSOD Giant Pack Plus
81530062,PA ABD M5P S4 1x90 GPP CEE GYO {CS} [81530062] (4015400737056),S4,4015400737056,Giant Pack Plus,BSOD,BSOD Giant Pack Plus
81530064,PA ABD M5P S5 1x78 GPP CEE GYO {CS} [81530064] (4015400737094),S5,4015400737094,Giant Pack Plus,BSOD,BSOD Giant Pack Plus
81555182,PA ABD M6 S3 1x108 GPP CEE {CS} [81555182] (4015400737018),S3,4015400737018,Giant Pack Plus,BSOD,BSOD Giant Pack Plus
81555183,PA ABD M6 S4 1x90 GPP CEE {CS} [81555183] (4015400737056),S4,4015400737056,Giant Pack Plus,BSOD,BSOD Giant Pack Plus
81555188,PA ABD M6 S5 1x78 GPP CEE {CS} [81555188] (4015400986652),S5,4015400986652,Giant Pack Plus,BSOD,BSOD Giant Pack Plus
81555191,PA ABD M6 S6 1x66 GPP CEE {CS} [81555191] (4015400737131),S6,4015400737131,Giant Pack Plus,BSOD,BSOD Giant Pack Plus
81555272,PA ABD M6 S3 1x108 GPP CEE GYO {CS} [81555272] (4015400737018),S3,4015400737018,Giant Pack Plus,BSOD,BSOD Giant Pack Plus
81555274,PA ABD M6 S4 1x90 GPP CEE GYO {CS} [81555274] (4015400737056),S4,4015400737056,Giant Pack Plus,BSOD,BSOD Giant Pack Plus
81555285,PA ABD M6 S5 1x78 GPP CEE GYO {CS} [81555285] (4015400986652),S5,4015400986652,Giant Pack Plus,BSOD,BSOD Giant Pack Plus
81499201,PA ABD M5P S4P 2x62 JP CEE {CS} [81499201] (4015400264767),S4P,4015400264767,Jumbo Pack,BSOD,BSOD Jumbo Pack
81499206,PA ABD M5P S5 2x58 JP CEE {CS} [81499206] (4015400264804),S5,4015400264804,Jumbo Pack,BSOD,BSOD Jumbo Pack
81499210,PA ABD M5P S6 2x54 JP CEE {CS} [81499210] (4015400244868),S6,4015400244868,Jumbo Pack,BSOD,BSOD Jumbo Pack
81499712,PA ABD M5P S3 2x82 JP CEE {CS} [81499712] (4015400265078),S3,4015400265078,Jumbo Pack,BSOD,BSOD Jumbo Pack
81499719,PA ABD M5P S4 2x70 JP CEE {CS} [81499719] (4015400244752),S4,4015400244752,Jumbo Pack,BSOD,BSOD Jumbo Pack
81499882,PA NBD M5P S2 2x94 JP CEE {CS} [81499882] (4015400264606),S2,4015400264606,Jumbo Pack,BSOD,BSOD Jumbo Pack
81500508,PA ABD M5P S3 2x82 JP CEE GYO {CS} [81500508] (4015400265078),S3,4015400265078,Jumbo Pack,BSOD,BSOD Jumbo Pack
81500517,PA ABD M5P S4 2x70 JP CEE GYO {CS} [81500517] (4015400244752),S4,4015400244752,Jumbo Pack,BSOD,BSOD Jumbo Pack
81500547,PA ABD M5P S4P 2x62 JP CEE GYO {CS} [81500547] (4015400264767),S4P,4015400264767,Jumbo Pack,BSOD,BSOD Jumbo Pack
81500579,PA ABD M5P S5 2x58 JP CEE GYO {CS} [81500579] (4015400264804),S5,4015400264804,Jumbo Pack,BSOD,BSOD Jumbo Pack
81527657,PA NBD M5P S2 2x80 JP CEE DCT {CS} [81527657] (4015400736448),S2,4015400736448,Jumbo Pack,BSOD,BSOD Jumbo Pack DCT
81527658,PA ABD M5P S3 2x74 JP CEE DCT {CS} [81527658] (4015400736493),S3,4015400736493,Jumbo Pack,BSOD,BSOD Jumbo Pack DCT
81527659,PA ABD M5P S4 2x64 JP CEE DCT {CS} [81527659] (4015400736547),S4,4015400736547,Jumbo Pack,BSOD,BSOD Jumbo Pack DCT
81527660,PA ABD M5P S5 2x52 JP CEE DCT {CS} [81527660] (4015400736592),S5,4015400736592,Jumbo Pack,BSOD,BSOD Jumbo Pack DCT
81527662,PA ABD M5P S6 2x44 JP CEE DCT {CS} [81527662] (4015400736646),S6,4015400736646,Jumbo Pack,BSOD,BSOD Jumbo Pack DCT
81529520,PA ABD M5P S3 2x74 JP CEE DCT GYO {CS} [81529520] (4015400736493),S3,4015400736493,Jumbo Pack,BSOD,BSOD Jumbo Pack DCT
81529521,PA ABD M5P S4 2x64 JP CEE DCT GYO {CS} [81529521] (4015400736547),S4,4015400736547,Jumbo Pack,BSOD,BSOD Jumbo Pack DCT
81529522,PA ABD M5P S5 2x52 JP CEE DCT GYO {CS} [81529522] (4015400736592),S5,4015400736592,Jumbo Pack,BSOD,BSOD Jumbo Pack DCT
81555671,PA ABD M6 S3 2x74 JP CEE DCT {CS} [81555671] (4015400736493),S3,4015400736493,Jumbo Pack,BSOD,BSOD Jumbo Pack DCT
81555672,PA ABD M6 S3 2x82 JP CEE {CS} [81555672] (4015400265078),S3,4015400265078,Jumbo Pack,BSOD,BSOD Jumbo Pack
81555682,PA ABD M6 S4 2x64 JP CEE DCT {CS} [81555682] (4015400736547),S4,4015400736547,Jumbo Pack,BSOD,BSOD Jumbo Pack DCT
81555683,PA ABD M6 S4 2x70 JP CEE {CS} [81555683] (4015400244752),S4,4015400244752,Jumbo Pack,BSOD,BSOD Jumbo Pack
81555690,PA ABD M6 S4P 2x62 JP CEE {CS} [81555690] (4015400264767),S4P,4015400264767,Jumbo Pack,BSOD,BSOD Jumbo Pack
81555699,PA ABD M6 S5 3x52 JP CEE DCT {CS} [81555699] (4015400756835),S5,4015400756835,Jumbo Pack,BSOD,BSOD Jumbo Pack DCT
81555700,PA ABD M6 S5 2x58 JP CEE {CS} [81555700] (4015400985976),S5,4015400985976,Jumbo Pack,BSOD,BSOD Jumbo Pack
81555704,PA ABD M6 S6 2x44 JP CEE DCT {CS} [81555704] (4015400736646),S6,4015400736646,Jumbo Pack,BSOD,BSOD Jumbo Pack DCT
81555705,PA ABD M6 S6 2x54 JP CEE {CS} [81555705] (4015400244868),S6,4015400244868,Jumbo Pack,BSOD,BSOD Jumbo Pack
81555798,PA ABD M6 S3 2x74 JP CEE DCT GYO {CS} [81555798] (4015400736493),S3,4015400736493,Jumbo Pack,BSOD,BSOD Jumbo Pack DCT
81555799,PA ABD M6 S3 2x82 JP CEE GYO {CS} [81555799] (4015400265078),S3,4015400265078,Jumbo Pack,BSOD,BSOD Jumbo Pack
81555812,PA ABD M6 S4 2x70 JP CEE GYO {CS} [81555812] (4015400244752),S4,4015400244752,Jumbo Pack,BSOD,BSOD Jumbo Pack
81555819,PA ABD M6 S4P 2x62 JP CEE GYO {CS} [81555819] (4015400264767),S4P,4015400264767,Jumbo Pack,BSOD,BSOD Jumbo Pack
81555838,PA ABD M6 S5 3x52 JP CEE DCT GYO {CS} [81555838] (4015400756835),S5,4015400756835,Jumbo Pack,BSOD,BSOD Jumbo Pack DCT
81555839,PA ABD M6 S5 2x58 JP CEE GYO {CS} [81555839] (4015400985976),S5,4015400985976,Jumbo Pack,BSOD,BSOD Jumbo Pack
81561945,PA NBD M6 S2 2x80 JP CEE DCT {CS} [81561945] (4015400736448),S2,4015400736448,Jumbo Pack,BSOD,BSOD Jumbo Pack DCT
81561954,PA NBD M6 S2 2x94 JP CEE {CS} [81561954] (4015400264606),S2,4015400264606,Jumbo Pack,BSOD,BSOD Jumbo Pack
81617894,PA ABD M6 S5 3x58 JP CEE GYO rev {CS} [81617894] (8001090277947),S5,8001090277947,Jumbo Pack,BSOD,BSOD Jumbo Pack
81617896,PA ABD M6 S5 3x58 JP CEE rev {CS} [81617896] (8001090277947),S5,8001090277947,Jumbo Pack,BSOD,BSOD Jumbo Pack
81617905,PA ABD M6 S4 3x64 JP CEE DCT rev {CS} [81617905] (8001090278036),S4,8001090278036,Jumbo Pack,BSOD,BSOD Jumbo Pack DCT
81617907,PA ABD M6 S4 3x64 JP CEE DCT GYO rev {CS} [81617907] (8001090278036),S4,8001090278036,Jumbo Pack,BSOD,BSOD Jumbo Pack DCT
81499612,PA ABD M5P S3 1x150 MB CEE {CS} [81499612] (4015400265191),S3,4015400265191,Mega box,BSOD,BSOD Megabox
81499617,PA ABD M5P S4 1x132 MB CEE {CS} [81499617] (4015400265221),S4,4015400265221,Mega box,BSOD,BSOD Megabox
81499622,PA ABD M5P S4P 1x120 MB CEE {CS} [81499622] (4015400264965),S4P,4015400264965,Mega box,BSOD,BSOD Megabox
81499625,PA ABD M5P S5 1x111 MB CEE {CS} [81499625] (4015400265009),S5,4015400265009,Mega box,BSOD,BSOD Megabox
81499857,PA ABD M5P S3 1x150 MB CEE GYO {CS} [81499857] (4015400265191),S3,4015400265191,Mega box,BSOD,BSOD Megabox
81499861,PA ABD M5P S4 1x132 MB CEE GYO {CS} [81499861] (4015400265221),S4,4015400265221,Mega box,BSOD,BSOD Megabox
81499866,PA ABD M5P S4P 1x120 MB CEE GYO {CS} [81499866] (4015400264965),S4P,4015400264965,Mega box,BSOD,BSOD Megabox
81499870,PA ABD M5P S5 1x111 MB CEE GYO {CS} [81499870] (4015400265009),S5,4015400265009,Mega box,BSOD,BSOD Megabox
81555180,PA ABD M6 S3 1x150 MB CEE {CS} [81555180] (4015400775836),S3,4015400775836,Mega box,BSOD,BSOD Megabox
81555184,PA ABD M6 S4 1x132 MB CEE {CS} [81555184] (4015400265221),S4,4015400265221,Mega box,BSOD,BSOD Megabox
81555186,PA ABD M6 S4P 1x120 MB CEE {CS} [81555186] (4015400264965),S4P,4015400264965,Mega box,BSOD,BSOD Megabox
81555189,PA ABD M6 S5 1x111 MB CEE {CS} [81555189] (4015400775478),S5,4015400775478,Mega box,BSOD,BSOD Megabox
81555268,PA ABD M6 S3 1x150 MB CEE GYO {CS} [81555268] (4015400775836),S3,4015400775836,Mega box,BSOD,BSOD Megabox
81555276,PA ABD M6 S4 1x132 MB CEE GYO {CS} [81555276] (4015400265221),S4,4015400265221,Mega box,BSOD,BSOD Megabox
81555281,PA ABD M6 S4P 1x120 MB CEE GYO {CS} [81555281] (4015400264965),S4P,4015400264965,Mega box,BSOD,BSOD Megabox
81555287,PA ABD M6 S5 1x111 MB CEE GYO {CS} [81555287] (4015400775478),S5,4015400775478,Mega box,BSOD,BSOD Megabox
81528071,PA NBD M5P S2 1x144 MBM CEE {CS} [81528071] (4015400737179),S2,4015400737179,Mega Box Mini,BSOD,BSOD Minibox
81528072,PA ABD M5P S3 1x126 MBM CEE {CS} [81528072] (4015400737216),S3,4015400737216,Mega Box Mini,BSOD,BSOD Minibox
81528073,PA ABD M5P S4 1x106 MBM CEE {CS} [81528073] (4015400737254),S4,4015400737254,Mega Box Mini,BSOD,BSOD Minibox
81528074,PA ABD M5P S4P 1x96 MBM CEE {CS} [81528074] (4015400737292),S4P,4015400737292,Mega Box Mini,BSOD,BSOD Minibox
81528075,PA ABD M5P S5 1x87 MBM CEE {CS} [81528075] (4015400737339),S5,4015400737339,Mega Box Mini,BSOD,BSOD Minibox
81530068,PA ABD M5P S3 1x126 MBM CEE GYO {CS} [81530068] (4015400737216),S3,4015400737216,Mega Box Mini,BSOD,BSOD Minibox
81530069,PA ABD M5P S4 1x106 MBM CEE GYO {CS} [81530069] (4015400737254),S4,4015400737254,Mega Box Mini,BSOD,BSOD Minibox
81530071,PA ABD M5P S4P 1x96 MBM CEE GYO {CS} [81530071] (4015400737292),S4P,4015400737292,Mega Box Mini,BSOD,BSOD Minibox
81530073,PA ABD M5P S5 1x87 MBM CEE GYO {CS} [81530073] (4015400737339),S5,4015400737339,Mega Box Mini,BSOD,BSOD Minibox
81555179,PA NBD M6 S2 1x144 MBM CEE {CS} [81555179] (4015400737179),S2,4015400737179,Mega Box Mini,BSOD,BSOD Minibox
81555181,PA ABD M6 S3 1x126 MBM CEE {CS} [81555181] (4015400737216),S3,4015400737216,Mega Box Mini,BSOD,BSOD Minibox
81555185,PA ABD M6 S4 1x106 MBM CEE {CS} [81555185] (4015400737254),S4,4015400737254,Mega Box Mini,BSOD,BSOD Minibox
81555187,PA ABD M6 S4P 1x96 MBM CEE {CS} [81555187] (4015400737292),S4P,4015400737292,Mega Box Mini,BSOD,BSOD Minibox
81555190,PA ABD M6 S5 1x87 MBM CEE {CS} [81555190] (4015400987154),S5,4015400987154,Mega Box Mini,BSOD,BSOD Minibox
81555270,PA ABD M6 S3 1x126 MBM CEE GYO {CS} [81555270] (4015400737216),S3,4015400737216,Mega Box Mini,BSOD,BSOD Minibox
81555278,PA ABD M6 S4 1x106 MBM CEE GYO {CS} [81555278] (4015400737254),S4,4015400737254,Mega Box Mini,BSOD,BSOD Minibox
81555283,PA ABD M6 S4P 1x96 MBM CEE GYO {CS} [81555283] (4015400737292),S4P,4015400737292,Mega Box Mini,BSOD,BSOD Minibox
81555289,PA ABD M6 S5 1x87 MBM CEE GYO {CS} [81555289] (4015400987154),S5,4015400987154,Mega Box Mini,BSOD,BSOD Minibox
81528080,PA ABD M5P S3 1x174 MBPlus CEE {CS} [81528080] (4015400737537),S3,4015400737537,Mega box Plus,BSOD,BSOD MegaBox Plus
81528081,PA ABD M5P S4 1x147 MBPlus CEE {CS} [81528081] (4015400737575),S4,4015400737575,Mega box Plus,BSOD,BSOD MegaBox Plus
81528082,PA ABD M5P S5 1x126 MBPlus CEE {CS} [81528082] (4015400737612),S5,4015400737612,Mega box Plus,BSOD,BSOD MegaBox Plus
81530090,PA ABD M5P S3 1x174 MBPlus CEE GYO {CS} [81530090] (4015400737537),S3,4015400737537,Mega box Plus,BSOD,BSOD MegaBox Plus
81530091,PA ABD M5P S4 1x147 MBPlus CEE GYO {CS} [81530091] (4015400737575),S4,4015400737575,Mega box Plus,BSOD,BSOD MegaBox Plus
81530092,PA ABD M5P S5 1x126 MBPlus CEE GYO {CS} [81530092] (4015400737612),S5,4015400737612,Mega box Plus,BSOD,BSOD MegaBox Plus
81555301,PA ABD M6 S3 1x174 MBPlus CEE {CS} [81555301] (4015400737537),S3,4015400737537,Mega box Plus,BSOD,BSOD MegaBox Plus
81555302,PA ABD M6 S4 1x147 MBPlus CEE {CS} [81555302] (4015400737575),S4,4015400737575,Mega box Plus,BSOD,BSOD MegaBox Plus
81555303,PA ABD M6 S5 1x126 MBPlus CEE {CS} [81555303] (4015400737612),S5,4015400737612,Mega box Plus,BSOD,BSOD MegaBox Plus
81555311,PA ABD M6 S3 1x174 MBPlus CEE GYO {CS} [81555311] (4015400737537),S3,4015400737537,Mega box Plus,BSOD,BSOD MegaBox Plus
81555312,PA ABD M6 S4 1x147 MBPlus CEE GYO {CS} [81555312] (4015400737575),S4,4015400737575,Mega box Plus,BSOD,BSOD MegaBox Plus
81555313,PA ABD M6 S5 1x126 MBPlus CEE GYO {CS} [81555313] (4015400737612),S5,4015400737612,Mega box Plus,BSOD,BSOD MegaBox Plus
81603987,PA ABD M6 S3 1x208 MSB CEE {CS} [81603987] (8001090172501),S3,8001090172501,Monthly Saving Box,BSOD,BSOD Monthly Saving Box
81603989,PA ABD M6 S4 1x174 MSB CEE {CS} [81603989] (8001090172549),S4,8001090172549,Monthly Saving Box,BSOD,BSOD Monthly Saving Box
81603991,PA ABD M6 S5 1x150 MSB CEE {CS} [81603991] (8001090172587),S5,8001090172587,Monthly Saving Box,BSOD,BSOD Monthly Saving Box
81534866,PA NBD M5P S2 3x76 VPP CEN {CS} [81534866] (4015400743835),S2,4015400743835,Offline Manipulation,BSOD,BSOD Value Pack Plus
81534867,PA NBD M5P S2 3x76 VPP CES {CS} [81534867] (4015400743835),S2,4015400743835,Offline Manipulation,BSOD,BSOD Value Pack Plus
81544058,PA SRP NBD M5P S2 4x2x66 VPM PL {CS} [81544058] (4015400700548),S2,4015400700548,Offline Manipulation,BSOD,BSOD Value Pack Minus SRP
81544073,PA SRP ABD M5P S3 4x2x54 VPM PL {CS} [81544073] (4015400700579),S3,4015400700579,Offline Manipulation,BSOD,BSOD Value Pack Minus SRP
81544075,PA SRP ABD M5P S4 4x3x46 VPM PL {CS} [81544075] (4015400700609),S4,4015400700609,Offline Manipulation,BSOD,BSOD Value Pack Minus SRP
81544076,PA SRP ABD M5P S5 4x3x36 VPM PL {CS} [81544076] (4015400700630),S5,4015400700630,Offline Manipulation,BSOD,BSOD Value Pack Minus SRP
81549545,PA SRP NBD M5P S2 8X(4x43) CP HR/HU/PL {CS} [81549545] (4015400760610),S2,4015400760610,Offline Manipulation,BSOD,BSOD Carry Pack SRP
81549546,PA SRP ABD M5P S3 8X(4x42) CP HR/HU/PL {CS} [81549546] (4015400760641),S3,4015400760641,Offline Manipulation,BSOD,BSOD Carry Pack SRP
81549547,PA SRP ABD M5P S4 8X(4x36) CP HU/HR/PL {CS} [81549547] (4015400760672),S4,4015400760672,Offline Manipulation,BSOD,BSOD Carry Pack SRP
81549548,PA SRP ABD M5P 4XS4P+4XS5 CP HU/HR/PL {CS} [81549548] (4015400760702),S4P,4015400760702,Offline Manipulation,BSOD,BSOD Carry Pack SRP
81616899,PA ABD M6 S3 3x68 VPP (PL) {CS} [81616899] (4015400774358),S3,4015400774358,Value Pack Plus,BSOD,BSOD Value Pack Plus
81616903,PA ABD M6 S3 2x90 GP (PL) {CS} [81616903] (4015400736196),S3,4015400736196,Giant Pack,BSOD,BSOD Giant Pack
81616904,PA ABD M6 S4 2x76 GP (PL) {CS} [81616904] (4015400736240),S4,4015400736240,Giant Pack,BSOD,BSOD Giant Pack
81528076,PA NBD M5P S2 4x68 SRP CEE {CS} [81528076] (4015400737377),S2,4015400737377,Online Discounter VP SRP,BSOD,BSOD Online Discounter VP SRP
81528077,PA ABD M5P S3 4x58 SRP CEE {CS} [81528077] (4015400737414),S3,4015400737414,Online Discounter VP SRP,BSOD,BSOD Online Discounter VP SRP
81528078,PA ABD M5P S4 4x49 SRP CEE {CS} [81528078] (4015400737452),S4,4015400737452,Online Discounter VP SRP,BSOD,BSOD Online Discounter VP SRP
81528079,PA ABD M5P S5 4x42 SRP CEE {CS} [81528079] (4015400737490),S5,4015400737490,Online Manipulation,BSOD,BSOD Value Pack SRP
81568905,PA ABD M6 S3 4x58 SRP CEE {CS} [81568905] (4015400737414),S3,4015400737414,Online Discounter VP SRP,BSOD,BSOD Online Discounter VP SRP
81568906,PA ABD M6 S4 4x49 SRP CEE {CS} [81568906] (4015400737452),S4,4015400737452,Online Discounter VP SRP,BSOD,BSOD Online Discounter VP SRP
81568911,PA ABD M6 S3 4x58 SRP CEE GYO {CS} [81568911] (4015400737414),S3,4015400737414,Online Discounter VP SRP,BSOD,BSOD Online Discounter VP SRP
81568912,PA ABD M6 S4 4x49 SRP CEE GYO {CS} [81568912] (4015400737452),S4,4015400737452,Online Discounter VP SRP,BSOD,BSOD Online Discounter VP SRP
81568923,PA ABD M6 S5 4x42 SRP CEE {CS} [81568923] (4015400948810),S5,4015400948810,Online Discounter VP SRP,BSOD,BSOD Online Discounter VP SRP
81568926,PA ABD M6 S5 4x42 SRP CEE GYO {CS} [81568926] (4015400948810),S5,4015400948810,Online Discounter VP SRP,BSOD,BSOD Online Discounter VP SRP
81499852,PA NBD M5P S1 4x43 VP CEE {CS} [81499852] (4015400444053),S1,4015400444053,Value Pack,BSOD,BSOD Value Pack
81527638,PA NBD M5P S2 2x68 VP CEE DCT {CS} [81527638] (4015400735540),S2,4015400735540,Value Pack,BSOD,BSOD Value Pack
81527640,PA ABD M5P S3 2x58 VP CEE DCT {CS} [81527640] (4015400735595),S3,4015400735595,Value Pack,BSOD,BSOD Value Pack
81527641,PA ABD M5P S4 2x49 VP CEE DCT {CS} [81527641] (4015400735649),S4,4015400735649,Value Pack,BSOD,BSOD Value Pack
81527642,PA ABD M5P S4P 3x45 VP CEE DCT {CS} [81527642] (4015400735694),S4P,4015400735694,Value Pack,BSOD,BSOD Value Pack
81527643,PA ABD M5P S5 2x42 VP CEE DCT {CS} [81527643] (4015400735748),S5,4015400735748,Value Pack,BSOD,BSOD Value Pack
81527644,PA ABD M5P S6 2x36 VP CEE DCT {CS} [81527644] (4015400735793),S6,4015400735793,Value Pack,BSOD,BSOD Value Pack
81529505,PA ABD M5P S3 2x58 VP CEE DCT GYO {CS} [81529505] (4015400735595),S3,4015400735595,Value Pack,BSOD,BSOD Value Pack
81529506,PA ABD M5P S4 2x49 VP CEE DCT GYO {CS} [81529506] (4015400735649),S4,4015400735649,Value Pack,BSOD,BSOD Value Pack
81529507,PA ABD M5P S4P 3x45 VP CEE DCT GYO {CS} [81529507] (4015400735694),S4P,4015400735694,Value Pack,BSOD,BSOD Value Pack
81529508,PA ABD M5P S5 2x42 VP CEE DCT GYO {CS} [81529508] (4015400735748),S5,4015400735748,Value Pack,BSOD,BSOD Value Pack
81555675,PA ABD M6 S3 3x58 VP CEE DCT {CS} [81555675] (4015400774266),S3,4015400774266,Value Pack,BSOD,BSOD Value Pack
81555684,PA ABD M6 S4 2x49 VP CEE DCT {CS} [81555684] (4015400735649),S4,4015400735649,Value Pack,BSOD,BSOD Value Pack
81555691,PA ABD M6 S4P 3x45 VP CEE DCT {CS} [81555691] (4015400735694),S4P,4015400735694,Value Pack,BSOD,BSOD Value Pack
81555696,PA ABD M6 S5 4x42 VP CEE DCT {CS} [81555696] (4015400774556),S5,4015400774556,Value Pack,BSOD,BSOD Value Pack
81555706,PA ABD M6 S6 2x36 VP CEE DCT {CS} [81555706] (4015400735793),S6,4015400735793,Value Pack,BSOD,BSOD Value Pack
81555802,PA ABD M6 S3 3x58 VP CEE DCT GYO {CS} [81555802] (4015400774266),S3,4015400774266,Value Pack,BSOD,BSOD Value Pack
81555813,PA ABD M6 S4 2x49 VP CEE DCT GYO {CS} [81555813] (4015400735649),S4,4015400735649,Value Pack,BSOD,BSOD Value Pack
81555821,PA ABD M6 S4P 3x45 VP CEE DCT GYO {CS} [81555821] (4015400735694),S4P,4015400735694,Value Pack,BSOD,BSOD Value Pack
81555832,PA ABD M6 S5 4x42 VP CEE DCT GYO {CS} [81555832] (4015400774556),S5,4015400774556,Value Pack,BSOD,BSOD Value Pack
81561941,PA NBD M6 S1 4x43 VP CEE {CS} [81561941] (4015400444053),S1,4015400444053,Value Pack,BSOD,BSOD Value Pack
81561948,PA NBD M6 S2 2x68 VP CEE DCT {CS} [81561948] (4015400735540),S2,4015400735540,Value Pack,BSOD,BSOD Value Pack
81499715,PA ABD M5P S3 2x54 VPM CEE {CS} [81499715] (4015400649670),S3,4015400649670,Value Pack Minus,BSOD,BSOD Value Pack Minus
81499722,PA ABD M5P S4 3x46 VPM CEE {CS} [81499722] (4015400649717),S4,4015400649717,Value Pack Minus,BSOD,BSOD Value Pack Minus
81499726,PA ABD M5P S4P 3x40 VPM CEE {CS} [81499726] (4015400649755),S4P,4015400649755,Value Pack Minus,BSOD,BSOD Value Pack Minus
81499731,PA ABD M5P S5 3x36 VPM CEE {CS} [81499731] (4015400649793),S5,4015400649793,Value Pack Minus,BSOD,BSOD Value Pack Minus
81499735,PA ABD M5P S6 3x30 VPM CEE {CS} [81499735] (4015400649830),S6,4015400649830,Value Pack Minus,BSOD,BSOD Value Pack Minus
81499892,PA NBD M5P S2 2x66 VPM CEE {CS} [81499892] (4015400649632),S2,4015400649632,Value Pack Minus,BSOD,BSOD Value Pack Minus
81555677,PA ABD M6 S3 3x54 VPM CEE {CS} [81555677] (4015400774327),S3,4015400774327,Value Pack Minus,BSOD,BSOD Value Pack Minus
81555687,PA ABD M6 S4 4x46 VPM CEE {CS} [81555687] (4015400751687),S4,4015400751687,Value Pack Minus,BSOD,BSOD Value Pack Minus
81555693,PA ABD M6 S4P 4x40 VPM CEE {CS} [81555693] (4015400756729),S4P,4015400756729,Value Pack Minus,BSOD,BSOD Value Pack Minus
81555695,PA ABD M6 S5 3x36 VPM CEE {CS} [81555695] (4015400988694),S5,4015400988694,Value Pack Minus,BSOD,BSOD Value Pack Minus
81555707,PA ABD M6 S6 3x30 VPM CEE {CS} [81555707] (4015400649830),S6,4015400649830,Value Pack Minus,BSOD,BSOD Value Pack Minus
81555804,PA ABD M6 S3 3x54 VPM CEE GYO {CS} [81555804] (4015400774327),S3,4015400774327,Value Pack Minus,BSOD,BSOD Value Pack Minus
81555816,PA ABD M6 S4 4x46 VPM CEE GYO {CS} [81555816] (4015400751687),S4,4015400751687,Value Pack Minus,BSOD,BSOD Value Pack Minus
81555825,PA ABD M6 S4P 4x40 VPM CEE GYO {CS} [81555825] (4015400756729),S4P,4015400756729,Value Pack Minus,BSOD,BSOD Value Pack Minus
81555827,PA ABD M6 S5 3x36 VPM CEE GYO {CS} [81555827] (4015400988694),S5,4015400988694,Value Pack Minus,BSOD,BSOD Value Pack Minus
81561951,PA NBD M6 S2 2x66 VPM CEE {CS} [81561951] (4015400649632),S2,4015400649632,Value Pack Minus,BSOD,BSOD Value Pack Minus
81527645,PA NBD M5P S2 2x76 VPP CEE {CS} [81527645] (4015400735847),S2,4015400735847,Value Pack Plus,BSOD,BSOD Value Pack Plus
81527646,PA ABD M5P S3 2x68 VPP CEE {CS} [81527646] (4015400735892),S3,4015400735892,Value Pack Plus,BSOD,BSOD Value Pack Plus
81527647,PA ABD M5P S4 2x58 VPP CEE {CS} [81527647] (4015400735946),S4,4015400735946,Value Pack Plus,BSOD,BSOD Value Pack Plus
81527648,PA ABD M5P S4P 2x53 VPP CEE {CS} [81527648] (4015400735991),S4P,4015400735991,Value Pack Plus,BSOD,BSOD Value Pack Plus
81527649,PA ABD M5P S5 2x50 VPP CEE {CS} [81527649] (4015400736042),S5,4015400736042,Value Pack Plus,BSOD,BSOD Value Pack Plus
81527650,PA ABD M5P S6 2x42 VPP CEE {CS} [81527650] (4015400736097),S6,4015400736097,Value Pack Plus,BSOD,BSOD Value Pack Plus
81529510,PA ABD M5P S3 2x68 VPP CEE GYO {CS} [81529510] (4015400735892),S3,4015400735892,Value Pack Plus,BSOD,BSOD Value Pack Plus
81529511,PA ABD M5P S4 2x58 VPP CEE GYO {CS} [81529511] (4015400735946),S4,4015400735946,Value Pack Plus,BSOD,BSOD Value Pack Plus
81529512,PA ABD M5P S4P 2x53 VPP CEE GYO {CS} [81529512] (4015400735991),S4P,4015400735991,Value Pack Plus,BSOD,BSOD Value Pack Plus
81529513,PA ABD M5P S5 2x50 VPP CEE GYO {CS} [81529513] (4015400736042),S5,4015400736042,Value Pack Plus,BSOD,BSOD Value Pack Plus
81555678,PA ABD M6 S3 3x68 VPP CEE {CS} [81555678] (4015400774358),S3,4015400774358,Value Pack Plus,BSOD,BSOD Value Pack Plus
81555685,PA ABD M6 S4 2x58 VPP CEE {CS} [81555685] (4015400735946),S4,4015400735946,Value Pack Plus,BSOD,BSOD Value Pack Plus
81555694,PA ABD M6 S4P 3x53 VPP CEE {CS} [81555694] (4015400778813),S4P,4015400778813,Value Pack Plus,BSOD,BSOD Value Pack Plus
81555702,PA ABD M6 S5 2x50 VPP CEE {CS} [81555702] (4015400756804),S5,4015400756804,Value Pack Plus,BSOD,BSOD Value Pack Plus
81555708,PA ABD M6 S6 2x42 VPP CEE {CS} [81555708] (4015400736097),S6,4015400736097,Value Pack Plus,BSOD,BSOD Value Pack Plus
81555805,PA ABD M6 S3 3x68 VPP CEE GYO {CS} [81555805] (4015400774358),S3,4015400774358,Value Pack Plus,BSOD,BSOD Value Pack Plus
81555826,PA ABD M6 S4P 3x53 VPP CEE GYO {CS} [81555826] (4015400778813),S4P,4015400778813,Value Pack Plus,BSOD,BSOD Value Pack Plus
81555841,PA ABD M6 S5 2x50 VPP CEE GYO {CS} [81555841] (4015400756804),S5,4015400756804,Value Pack Plus,BSOD,BSOD Value Pack Plus
81561952,PA NBD M6 S2 2x76 VPP CEE {CS} [81561952] (4015400735847),S2,4015400735847,Value Pack Plus,BSOD,BSOD Value Pack Plus
81617901,PA ABD M6 S4 3x58 VPP CEE rev {CS} [81617901] (8001090278005),S4,8001090278005,Value Pack Plus,BSOD,BSOD Value Pack Plus
81617903,PA ABD M6 S4 3x58 VPP CEE GYO rev {CS} [81617903] (8001090278005),S4,8001090278005,Value Pack Plus,BSOD,BSOD Value Pack Plus
81407325,PA ActBoy L8PP S5 6X20 CP CEE PF TAR Dgo {CS} [81407325] (4015400255505),S5,4015400255505,Carry Pack,BSOD,BSOD Carry Pack
81499599,PA NBD M5P S2 2x94 JP CEE GYO {CS} [81499599] (4015400264606),S2,4015400264606,Jumbo Pack,BSOD,BSOD Jumbo Pack
81499723,PA ABD M5P S4P 4x32 CP CEE {CS} [81499723] (4015400537472),S4P,4015400537472,Carry Pack,BSOD,BSOD Carry Pack
81499817,PA ABD M5P S3 1x150 MB CEE NOV {CS} [81499817] (4015400265191),S3,4015400265191,Mega box,BSOD,BSOD Megabox
81500413,PA ABD M5P S3 2x82 JP CEE NOV {CS} [81500413] (4015400265078),S3,4015400265078,Jumbo Pack,BSOD,BSOD Jumbo Pack
81525944,PA NBD M5P S2 2x66 VPM CEE M6 ST {CS} [81525944] (4015400649632),S2,4015400649632,Value Pack Minus,BSOD,BSOD Value Pack Minus
81529504,PA NBD M5P S2 2x68 VP CEE DCT GYO {CS} [81529504] (4015400735540),S2,4015400735540,Value Pack,BSOD,BSOD Value Pack
81529509,PA NBD M5P S2 2x76 VPP CEE GYO {CS} [81529509] (4015400735847),S2,4015400735847,Value Pack Plus,BSOD,BSOD Value Pack Plus
81529514,PA NBD M5P S2 2x100 GP CEE GYO {CS} [81529514] (4015400736141),S2,4015400736141,Giant Pack,BSOD,BSOD Giant Pack
81529519,PA NBD M5P S2 2x80 JP CEE DCT GYO {CS} [81529519] (4015400736448),S2,4015400736448,Jumbo Pack,BSOD,BSOD Jumbo Pack DCT
81529529,PA NBD M5P S2 2x76 VPP CEE NOV {CS} [81529529] (4015400735847),S2,4015400735847,Value Pack Plus,BSOD,BSOD Value Pack Plus
81530082,PA NBD M5P S2 1x144 MBM CEE NOV {CS} [81530082] (4015400737179),S2,4015400737179,Mega Box Mini,BSOD,BSOD Minibox
81530083,PA ABD M5P S3 1x126 MBM CEE NOV {CS} [81530083] (4015400737216),S3,4015400737216,Mega Box Mini,BSOD,BSOD Minibox
81532726,PA NBD M5P S2 2x76 VPP CEE M6 ST {CS} [81532726] (4015400735847),S2,4015400735847,Value Pack Plus,BSOD,BSOD Value Pack Plus
81532727,PA NBD M5P S2 2x80 JP CEE DCT M6 ST {CS} [81532727] (4015400736448),S2,4015400736448,Jumbo Pack,BSOD,BSOD Jumbo Pack DCT
81558022,PA ABD M5P S4 1x106 MBM GYO CES {CS} [81558022] (4015400737254),S4,4015400737254,Mega Box Mini,BSOD,BSOD Minibox
81558025,PA ABD M5P S4 1x132 MB GYO CES {CS} [81558025] (4015400265221),S4,4015400265221,Mega box,BSOD,BSOD Megabox
81558029,PA ABD M5P S4 1x90 GPP CEN {CS} [81558029] (4015400737056),S4,4015400737056,Giant Pack Plus,BSOD,BSOD Giant Pack Plus
81630252,PA ABD M6 S3 2x90 GP CEE GYO BB {CS} [81630252] (4015400736196),S3,4015400736196,Giant Pack,BSOD,BSOD Giant Pack
81630253,PA NBD M6 S1 4x43 VP CEE BB {CS} [81630253] (4015400444053),S1,4015400444053,Value Pack,BSOD,BSOD Value Pack
81630255,PA ABD M6 S3 2x90 GP CEE BB {CS} [81630255] (4015400736196),S3,4015400736196,Giant Pack,BSOD,BSOD Giant Pack
81630297,PA NBD M6 S2 2x94 JP CEE BB {CS} [81630297] (4015400264606),S2,4015400264606,Jumbo Pack,BSOD,BSOD Jumbo Pack
81630304,PA ABD M6 S4 1x147 MBPlus CEE BB {CS} [81630304] (4015400737575),S4,4015400737575,Mega box Plus,BSOD,BSOD MegaBox Plus
81630316,PA ABD M6 S5 1x150 MSB CEE BB {CS} [81630316] (8001090172587),S5,8001090172587,Monthly Saving Box,BSOD,BSOD Monthly Saving Box
81630449,PA ABD M6 S4 3x58 VPP PL {CS} [81630449] (8001090278005),S4,8001090278005,Value Pack Plus,BSOD,BSOD Value Pack Plus
81630481,PA NBD M6 S2 4x43 CP CEE BB {CS} [81630481] (4015400704287),S2,4015400704287,Carry Pack,BSOD,BSOD Carry Pack
81635112,PA NBD M6 S2 3x76 VPP CEN {CS} [81635112] (8001090441164),S2,8001090441164,Value Pack Plus,BSOD,BSOD Offline VPP SRP
81502256,PA Bedmats 3X7 Hex compact bag WE v2 {CS} [81502256] (4015400333432),3x7,4015400333432,Bedmats,Mats,BedMats x1
81522604,PA Bedmats 3X7 Hex compact bag CES {CS} [81522604] (4015400333432),3x7,4015400333432,Bedmats,Mats,BedMats x1
81502253,PA Changemats 5X12 Hex WE v2 {CS} [81502253] (4015400827405),5x12,4015400827405,Changemats,Mats,ChangeMats x12
81522602,PA Changemats 5X12 Hex CES {CS} [81522602] (4015400827405),5x12,4015400827405,Changemats,Mats,ChangeMats x12
81480086,PAMPERS PANTS DT0 S4 4X24 CP CEEMEA TAR {CS} [81480086] (4015400672616),S4,4015400672616,Carry Pack,Pants Mainline,Pants Mainline Carry Pack
81530035,Pampers Pants DT0 S4 4X24 CP CEEMEA NOV {CS} [81530035] (4015400672616),S4,4015400672616,Carry Pack,Pants Mainline,Pants Mainline Carry Pack
81530036,Pampers Pants DT0 S5 4X22 CP CEEMEA NOV {CS} [81530036] (4015400672654),S5,4015400672654,Carry Pack,Pants Mainline,Pants Mainline Carry Pack
81541183,Pampers PT DT0 S5 4X22 CP CEEMEA TAR V2 {CS} [81541183] (4015400672654),S5,4015400672654,Carry Pack,Pants Mainline,Pants Mainline Carry Pack
81544138,Pampers Pants DT0 S6 4X19 CP CEEMEA TAR {CS} [81544138] (4015400673361),S6,4015400673361,Carry Pack,Pants Mainline,Pants Mainline Carry Pack
81544139,Pampers Pants DT0 S6 4X19 CP CEEMEA NOV {CS} [81544139] (4015400673361),S6,4015400673361,Carry Pack,Pants Mainline,Pants Mainline Carry Pack
81547286,PA PT DT0 S3 4X26 CP CEEMEA TAR wo EE {CS} [81547286] (4015400703976),S3,4015400703976,Carry Pack,Pants Mainline,Pants Mainline Carry Pack
81547287,PA PT DT0 S4 4X24 CP CEEMEA TAR wo EE {CS} [81547287] (4015400672616),S4,4015400672616,Carry Pack,Pants Mainline,Pants Mainline Carry Pack
81547288,PA PT DT0 S5 4X22 CP CEEMEA TAR wo EE {CS} [81547288] (4015400672654),S5,4015400672654,Carry Pack,Pants Mainline,Pants Mainline Carry Pack
81579624,PA PT DT0 S3 4X26 CP CEET DT TAR {CS} [81579624] (4015400703976),S3,4015400703976,Carry Pack,Pants Mainline,Pants Mainline Carry Pack
81580676,PA PT DT0 S4 4X24 CP CEET DT TAR {CS} [81580676] (4015400672616),S4,4015400672616,Carry Pack,Pants Mainline,Pants Mainline Carry Pack
81580678,PA PT DT0 S5 4X22 CP CEET DT TAR {CS} [81580678] (4015400672654),S5,4015400672654,Carry Pack,Pants Mainline,Pants Mainline Carry Pack
81580681,PA PT DT0 S6 4X19 CP CEET DT TAR {CS} [81580681] (4015400673361),S6,4015400673361,Carry Pack,Pants Mainline,Pants Mainline Carry Pack
81530038,Pampers Pants DT0 S4 2X52 JP CEEMEA NOV {CS} [81530038] (4015400672838),S4,4015400672838,Jumbo Pack,Pants Mainline,Pants Mainline Jumbo Pack
81544140,Pampers Pants DT0 S6 2X44 JP CEEMEA TAR {CS} [81544140] (4015400674016),S6,4015400674016,Jumbo Pack,Pants Mainline,Pants Mainline Jumbo Pack
81544141,Pampers Pants DT0 S6 2X44 JP CEEMEA NOV {CS} [81544141] (4015400674016),S6,4015400674016,Jumbo Pack,Pants Mainline,Pants Mainline Jumbo Pack
81547282,PA PT DT0 S3 2x60 JP CEEMEA TAR wo EE {CS} [81547282] (4015400682875),S3,4015400682875,Jumbo Pack,Pants Mainline,Pants Mainline Jumbo Pack
81547283,PA PT DT0 S4 2X52 JP CEEMEA TAR wo EE {CS} [81547283] (4015400672838),S4,4015400672838,Jumbo Pack,Pants Mainline,Pants Mainline Jumbo Pack
81547284,PA PT DT0 S5 2X48 JP CEEMEA TAR wo EE {CS} [81547284] (4015400672876),S5,4015400672876,Jumbo Pack,Pants Mainline,Pants Mainline Jumbo Pack
81579625,PA PT DT0 S3 2x60 JP CEET DT TAR {CS} [81579625] (4015400682875),S3,4015400682875,Jumbo Pack,Pants Mainline,Pants Mainline Jumbo Pack
81580677,PA PT DT0 S4 2X52 JP CEET DT TAR {CS} [81580677] (4015400672838),S4,4015400672838,Jumbo Pack,Pants Mainline,Pants Mainline Jumbo Pack
81580679,PA PT DT0 S5 2X48 JP CEET DT TAR {CS} [81580679] (4015400672876),S5,4015400672876,Jumbo Pack,Pants Mainline,Pants Mainline Jumbo Pack
81580682,PA PT DT0 S6 2X44 JP CEET DT TAR {CS} [81580682] (4015400674016),S6,4015400674016,Jumbo Pack,Pants Mainline,Pants Mainline Jumbo Pack
81530043,Pampers Pants DT0 S4 1x104 MB CEET NOV {CS} [81530043] (4015400697206),S4,4015400697206,Mega box,Pants Mainline,Pants Mainline Mega Box
81544142,Pampers Pants DT0 S6 1x88 MB CEET TAR {CS} [81544142] (4015400697268),S6,4015400697268,Mega box,Pants Mainline,Pants Mainline Mega Box
81544143,Pampers Pants DT0 S6 1x88 MB CEET NOV {CS} [81544143] (4015400697268),S6,4015400697268,Mega box,Pants Mainline,Pants Mainline Mega Box
81547290,PA PT DT0 S3 1x120 MB CEEMEA TAR wo EE {CS} [81547290] (4015400697176),S3,4015400697176,Mega box,Pants Mainline,Pants Mainline Mega Box
81547291,PA PT DT0 S4 1x104 MB CEEMEA TAR wo EE {CS} [81547291] (4015400697206),S4,4015400697206,Mega box,Pants Mainline,Pants Mainline Mega Box
81547292,PA PT DT0 S5 1x96 MB CEEMEA TAR wo EE {CS} [81547292] (4015400697237),S5,4015400697237,Mega box,Pants Mainline,Pants Mainline Mega Box
81579626,PA PT DT0 S3 1x120 MB CEET DT TAR {CS} [81579626] (4015400697176),S3,4015400697176,Mega box,Pants Mainline,Pants Mainline Mega Box
81479495,Pampers Pants DT0 S6 4X19 CP CEEMEA L8PP {CS} [81479495] (4015400673361),S6,4015400673361,Carry Pack,Pants Mainline,Pants Mainline Carry Pack
81480087,PAMPERS PANTS DT0 S5 4X22 CP CEEMEA TAR {CS} [81480087] (4015400672654),S5,4015400672654,Carry Pack,Pants Mainline,Pants Mainline Carry Pack
81480091,Pampers Pants DT0 S4 2X52 JP CEEMEA TAR {CS} [81480091] (4015400672838),S4,4015400672838,Jumbo Pack,Pants Mainline,Pants Mainline Jumbo Pack
81541182,Pampers PT DT0 S4 4X24 CP CEEMEA TAR V2 {CS} [81541182] (4015400672616),S4,4015400672616,Carry Pack,Pants Mainline,Pants Mainline Carry Pack
81486924,Pampers Pants DT05 S4 1x22 CB CEEMEA TAR {CS} [81486924] (4015400680093),S4,4015400680093,Carry Box,Pants Premium,Pants Premium Carry Pack
81486932,Pampers Pants DT05 S5 1x20 CB CEEMEA TAR {CS} [81486932] (4015400680161),S5,4015400680161,Carry Box,Pants Premium,Pants Premium Carry Pack
81486922,Pampers Pants DT05 S4 1x44 VB CEEMEA TAR {CS} [81486922] (4015400680079),S4,4015400680079,Value Box,Pants Premium,Pants Premium Value Pack
81486928,Pampers Pants DT05 S5 1x40 VB CEEMEA TAR {CS} [81486928] (4015400680147),S5,4015400680147,Value Box,Pants Premium,Pants Premium Value Pack
81531175,PA PC BF6 S4 2x66 JP CEE TAR {CS} [81531175] (4015400507512),S4,4015400507512,Jumbo Pack,Premium,Premium Jumbo Pack
81531177,PA PC BF6 S5 2x56 JP CEE TAR {CS} [81531177] (4015400507543),S5,4015400507543,Jumbo Pack,Premium,Premium Jumbo Pack
81532778,PA PC BF6 S3 2x80 JP CEE TAR {CS} [81532778] (4015400507482),S3,4015400507482,Jumbo Pack,Premium,Premium Jumbo Pack
81534452,PA PC BF6 S2 2x96 JP CEE TAR {CS} [81534452] (4015400743231),S2,4015400743231,Jumbo Pack,Premium,Premium Jumbo Pack
81588417,PA PC BF6 S3 2x80 JP CEE EUS {CS} [81588417] (4015400507482),S3,4015400507482,Jumbo Pack,Premium,Premium Jumbo Pack
81611064,PA PC PRNC S2 2x96 JP CE TAR {CS} [81611064] (4015400743231),S2,4015400743231,Jumbo Pack,Premium,Premium Jumbo Pack
81611065,PA PC PRNC S3 2x80 JP CE TAR {CS} [81611065] (4015400507482),S3,4015400507482,Jumbo Pack,Premium,Premium Jumbo Pack
81611066,PA PC PRNC S4 2x66 JP CE TAR {CS} [81611066] (4015400507512),S4,4015400507512,Jumbo Pack,Premium,Premium Jumbo Pack
81611067,PA PC PRNC S5 2x56 JP CE TAR {CS} [81611067] (4015400507543),S5,4015400507543,Jumbo Pack,Premium,Premium Jumbo Pack
81532772,PA PC BF6 S3 1x120 MB CEE TAR {CS} [81532772] (4015400489368),S3,4015400489368,Mega Box,Premium,Premium Mega Box
81532773,PA PC BF6 S4 1x104 MB CEE TAR {CS} [81532773] (4015400489375),S4,4015400489375,Mega Box,Premium,Premium Mega Box
81532774,PA PC BF6 S5 1x88 MB CEE TAR {CS} [81532774] (4015400541806),S5,4015400541806,Mega Box,Premium,Premium Mega Box
81588415,PA PC BF6 S3 1x120 MB CEE EUS {CS} [81588415] (4015400489368),S3,4015400489368,Mega Box,Premium,Premium Mega Box
81611069,PA PC PRNC S2 1x148 MB CE TAR {CS} [81611069] (4015400770268),S2,4015400770268,Mega Box,Premium,Premium Mega Box
81611070,PA PC PRNC S3 1x120 MB CE TAR {CS} [81611070] (4015400489368),S3,4015400489368,Mega Box,Premium,Premium Mega Box
81611071,PA PC PRNC S4 1x104 MB CE TAR {CS} [81611071] (4015400489375),S4,4015400489375,Mega Box,Premium,Premium Mega Box
81611073,PA PC PRNC S5 1x88 MB CE TAR {CS} [81611073] (4015400541806),S5,4015400541806,Mega Box,Premium,Premium Mega Box
81559718,PA SRP PC BF6 (S1 88+S2 80) VP CEN {CS} [81559718] (4015400817659),S1+S2,4015400817659,Offline Manipulation,Premium,Premium Value Pack SRP
81559719,PA SRP PC BF6 (S1 88+S2 80) VP CES {CS} [81559719] (4015400817659),S1+S2,4015400817659,Offline Manipulation,Premium,Premium Value Pack SRP
81559720,PA SRP 2xPC BF6 S2 2x80 VP CES {CS} [81559720] (4015400817710),S2,4015400817710,Offline Manipulation,Premium,Premium Value Pack SRP
81559721,PA SRP 2xPC BF6 S2 2x80 VP CEN {CS} [81559721] (4015400817710),S2,4015400817710,Offline Manipulation,Premium,Premium Value Pack SRP
81532682,PA PC BF6 S0 4x30 SMP CEE TAR {CS} [81532682] (4015400536840),Sample,4015400536840,Sample,Premium,Premium Small Pack
81532764,PA PC BF6 S1 6x22 SMP CEE TAR {CS} [81532764] (4015400687689),S1,4015400687689,Sample,Premium,Premium Small Pack
81532765,PA PC BF6 S2 6x22 SMP CEE TAR {CS} [81532765] (4015400687726),S2,4015400687726,Sample,Premium,Premium Small Pack
81565495,PA PC BF6 S1 6x22 SMP CEE TAR Rev {CS} [81565495] (4015400687689),S1,4015400687689,Sample,Premium,Premium Small Pack
81611053,PA PC PRNC S1 6x22 SMP CE TAR {CS} [81611053] (4015400687689),S1,4015400687689,Sample,Premium,Premium Small Pack
81611054,PA PC PRNC S2 6x22 SMP CE TAR {CS} [81611054] (4015400687726),S2,4015400687726,Sample,Premium,Premium Small Pack
81612254,PA PC PRNC S0 4x30 SMP CEET TAR {CS} [81612254] (4015400536840),Sample,4015400536840,Sample,Premium,Premium Small Pack
81531172,PA PC BF6 S5 2x44 VP CEE TAR {CS} [81531172] (4015400746423),S5,4015400746423,Value Pack,Premium,Premium Value Pack
81532775,PA PC BF6 S1 2x88 VP CEE TAR {CS} [81532775] (4015400741596),S1,4015400741596,Value Pack,Premium,Premium Value Pack
81532776,PA PC BF6 S2 2x80 VP CEE TAR {CS} [81532776] (4015400741626),S2,4015400741626,Value Pack,Premium,Premium Value Pack
81532777,PA PC BF6 S3 3x60 VP CEE TAR {CS} [81532777] (4015400741657),S3,4015400741657,Value Pack,Premium,Premium Value Pack
81566451,PA PC BF6 S4 2x52 VP CEE TAR Rev {CS} [81566451] (4015400912965),S4,4015400912965,Value Pack,Premium,Premium Value Pack
81588416,PA PC BF6 S3 3x60 VP CEE EUS {CS} [81588416] (4015400741657),S3,4015400741657,Value Pack,Premium,Premium Value Pack
81611058,PA PC PRNC S1 2x88 VP CE TAR {CS} [81611058] (4015400741596),S1,4015400741596,Value Pack,Premium,Premium Value Pack
81611059,PA PC PRNC S2 2x80 VP CE TAR {CS} [81611059] (4015400741626),S2,4015400741626,Value Pack,Premium,Premium Value Pack
81611060,PA PC PRNC S3 3x60 VP CE TAR {CS} [81611060] (4015400741657),S3,4015400741657,Value Pack,Premium,Premium Value Pack
81611061,PA PC PRNC S4 2x52 VP CE TAR {CS} [81611061] (4015400912965),S4,4015400912965,Value Pack,Premium,Premium Value Pack
81611062,PA PC PRNC S5 2x44 VP CE TAR {CS} [81611062] (4015400746423),S5,4015400746423,Value Pack,Premium,Premium Value Pack
81494320,PA PremCare BT20 S4 3x52 VP CEE TAR {CS} [81494320] (4015400490555),S4,4015400490555,Value Pack,Premium,Premium Value Pack
81629722,PA PC PRNC S3 2x80 JP CE EUS {CS} [81629722] (4015400507482),S3,4015400507482,Jumbo Pack,Premium,Premium Jumbo Pack
81512263,PA Sleep&Play SS5P S3 2x78 JP CEE {CS} [81512263] (4015400203513),S3,4015400203513,Jumbo Pack,S&P,S&P Jumbo Pack
81512266,PA Sleep&Play SS5P S4 2x68 JP CEE {CS} [81512266] (4015400203544),S4,4015400203544,Jumbo Pack,S&P,S&P Jumbo Pack
81512269,PA Sleep&Play SS5P S5 2x58 JP CEE {CS} [81512269] (4015400203575),S5,4015400203575,Jumbo Pack,S&P,S&P Jumbo Pack
81566410,PA Sleep&Play SF6 S3 3x78 JP CEE {CS} [81566410] (4015400912491),S3,4015400912491,Jumbo Pack,S&P,S&P Jumbo Pack
81566414,PA Sleep&Play SF6 S4 3x68 JP CEE {CS} [81566414] (4015400912583),S4,4015400912583,Jumbo Pack,S&P,S&P Jumbo Pack
81512246,PA Sleep&Play SS5P S3 2x58 VP CEE {CS} [81512246] (4015400224204),S3,4015400224204,Value Pack,S&P,S&P Value Pack
81512252,PA Sleep&Play SS5P S4 3x50 VP CEE {CS} [81512252] (4015400644187),S4,4015400644187,Value Pack,S&P,S&P Value Pack
81512258,PA Sleep&Play SS5P S5 2x42 VP CEE {CS} [81512258] (4015400224051),S5,4015400224051,Value Pack,S&P,S&P Value Pack
81566411,PA Sleep&Play SF6 S3 3x58 VP CEE {CS} [81566411] (4015400912521),S3,4015400912521,Value Pack,S&P,S&P Value Pack
81566415,PA Sleep&Play SF6 S4 4x50 VP CEE {CS} [81566415] (4015400912613),S4,4015400912613,Value Pack,S&P,S&P Value Pack
81566660,PA Sleep&Play SF6 S5 4x42 VP CEE {CS} [81566660] (4015400912668),S5,4015400912668,Value Pack,S&P,S&P Value Pack
81448298,PA Sleep&Play SS5 S3 2x78 JP CEE NOV {CS} [81448298] (4015400203513),S3,4015400203513,Jumbo Pack,S&P,S&P Jumbo Pack
81448305,PA Sleep&Play SS5 S4 2x68 JP CEE NOV {CS} [81448305] (4015400203544),S4,4015400203544,Jumbo Pack,S&P,S&P Jumbo Pack
81617898,PA SP SF6 S5 3x58 JP CEE rev {CS} [81617898] (8001090277978),S5,8001090277978,Jumbo Pack,S&P,S&P Jumbo Pack
81563390,PA BW SN AR3 12x56 GIGA CEEMEA exEUS {CS} [81563390] (4015400622284),12x,4015400622284,Wipes 12x,Wipes,Wipes 12x
81563391,PA BW SN AR3 12x56 GIGA CEEMEA exMQZ {CS} [81563391] (),12x,4015400622284,Wipes 12x,Wipes,Wipes 12x
81565072,PA BW FC AR3 12x64 GIGA CEEMEA exEUS {CS} [81565072] (),12x,4015400622598,Wipes 12x,Wipes,Wipes 12x
81565073,PA BW FC AR3 12x64 GIGA CEEMEA exMQZ {CS} [81565073] (4015400622598),12x,4015400622598,Wipes 12x,Wipes,Wipes 12x
81483194,PA BW NC FF AR2 12x64 SRP CEEMEA exEUS {CS} [81483194] (4015400636946),1x - single,4015400636946,1x - single,Wipes,Wipes 1x
81483375,PA BW SN AR2 12x56 LID SRP CEEMEA exMQZ {CS} [81483375] (4015400636601),1x - single,4015400636601,1x - single,Wipes,Wipes 1x
81483414,PA BW SN AR2 12x56 LID SRP CEEMEA exEUS {CS} [81483414] (4015400636601),1x - single,4015400636601,1x - single,Wipes,Wipes 1x
81484106,PA BW FC AR2 12x64 SRP CEEMEA exMQZ {CS} [81484106] (4015400439103),1x - single,4015400439103,1x - single,Wipes,Wipes 1x
81550638,PA BW FC AR3 12x64 LID SRP CEEMEA exEUS {CS} [81550638] (4015400439103),1x - single,4015400439103,1x - single,Wipes,Wipes 1x
81550639,PA BW FC AR3 12x64 LID SRP CEEMEA exMQZ {CS} [81550639] (4015400439103),1x - single,4015400439103,1x - single,Wipes,Wipes 1x
81551155,PA BW SN AR3 12x56 LID SRP CEEMEA exMQZ {CS} [81551155] (4015400636632),1x - single,4015400636632,1x - single,Wipes,Wipes 1x
81551156,PA BW SN AR3 12x56 LID SRP CEEMEA exEUS {CS} [81551156] (4015400636632),1x - single,4015400636632,1x - single,Wipes,Wipes 1x
81554148,PA BW NC FF AR3 12x64 LID SRP CEEMEA EUS {CS} [81554148] (4015400636823),1x - single,4015400636823,1x - single,Wipes,Wipes 1x
81491726,PA BW SN NB AR2 12x54 LID SRP CEEMEA {CS} [81491726] (4015400686095),1x - single NB,4015400686095,1x - single NB,Wipes,Wipes 1x - NewBorn
81554146,PA BW SN NB AR3 12x54 LID SRP CEEMEA {CS} [81554146] (4015400686095),1x - single NB,4015400686095,1x - single NB,Wipes,Wipes 1x - NewBorn
81483196,PA BW NC FF AR2 6X2X64 SRP CEEMEA exEUS {CS} [81483196] (4015400637004),2x - duo,4015400637004,2x - duo,Wipes,Wipes 2x
81483376,PA BW SN AR2 6x2x56 SRP CEEMEA exMQZ {CS} [81483376] (4015400636663),2x - duo,4015400636663,2x - duo,Wipes,Wipes 2x
81483430,PA BW SN AR2 6x2x56 SRP CEEMEA exEUS {CS} [81483430] (4015400636663),2x - duo,4015400636663,2x - duo,Wipes,Wipes 2x
81484113,PA BW FC AR2 6x2x64 SRP CEEMEA exMQZ {CS} [81484113] (4015400439196),2x - duo,4015400439196,2x - duo,Wipes,Wipes 2x
81550640,PA BW FC AR3 6x2x64 SRP CEEMEA exEUS {CS} [81550640] (4015400439196),2x - duo,4015400439196,2x - duo,Wipes,Wipes 2x
81550641,PA BW FC AR3 6x2x64 SRP CEEMEA exMQZ {CS} [81550641] (4015400439196),2x - duo,4015400439196,2x - duo,Wipes,Wipes 2x
81551157,PA BW SN AR3 6x2x56 SRP CEEMEA exMQZ {CS} [81551157] (4015400636663),2x - duo,4015400636663,2x - duo,Wipes,Wipes 2x
81551158,PA BW SN AR3 6x2x56 SRP CEEMEA exEUS {CS} [81551158] (4015400636663),2x - duo,4015400636663,2x - duo,Wipes,Wipes 2x
81554149,PA BW NC FF AR3 6X2X64 SRP CEEMEA exEUS {CS} [81554149] (4015400637004),2x - duo,4015400637004,2x - duo,Wipes,Wipes 2x
81483197,PA BW NC FF AR2 3X4X64 SRP CEEMEA exEUS {CS} [81483197] (4015400637035),4x - quatro,4015400637035,4x - quatro,Wipes,Wipes 4x
81483377,PA BW SN AR2 3x4x56 SRP CEEMEA exMQZ {CS} [81483377] (4015400636700),4x - quatro,4015400636700,4x - quatro,Wipes,Wipes 4x
81484119,PA BW FC AR2 3x4x64 SRP CEEMEA exMQZ {CS} [81484119] (4015400439257),4x - quatro,4015400439257,4x - quatro,Wipes,Wipes 4x
81551132,PA BW FC AR3 3x4x64 SRP CEEMEA exEUS {CS} [81551132] (4015400622727),4x - quatro,4015400622727,4x - quatro,Wipes,Wipes 4x
81551133,PA BW FC AR3 3x4x64 SRP CEEMEA exMQZ {CS} [81551133] (4015400622727),4x - quatro,4015400622727,4x - quatro,Wipes,Wipes 4x
81551844,PA BW SN AR3 3x4x56 SRP CEEMEA exMQZ {CS} [81551844] (4015400622062),4x - quatro,4015400622062,4x - quatro,Wipes,Wipes 4x
81551845,PA BW SN AR3 3x4x56 SRP CEEMEA exEUS {CS} [81551845] (4015400622062),4x - quatro,4015400622062,4x - quatro,Wipes,Wipes 4x
81554446,PA BW NC FF AR3 3X4X64 SRP EMEA {CS} [81554446] (4015400622475),4x - quatro,4015400622475,4x - quatro,Wipes,Wipes 4x
81483410,PA BW SN AR2 2x6x56 SRP CEEMEA exMQZ {CS} [81483410] (4015400636731),6x - Sextet,4015400636731,6x - Sextet,Wipes,Wipes 6x
81484124,PA BW FC AR2 2x6x64 CEEMEA exMQZ {CS} [81484124] (4015400439288),6x - Sextet,4015400439288,6x - Sextet,Wipes,Wipes 6x
81493635,PA BW NC FF AR2 2X6X64 SRP CEEMEA exEUS {CS} [81493635] (4015400689089),6x - Sextet,4015400689089,6x - Sextet,Wipes,Wipes 6x
81551142,PA BW FC AR3 2x6x64 SRP CEEMEA exEUS {CS} [81551142] (4015400439288),6x - Sextet,4015400439288,6x - Sextet,Wipes,Wipes 6x
81551143,PA BW FC AR3 2x6x64 SRP CEEMEA exMQZ {CS} [81551143] (4015400439288),6x - Sextet,4015400439288,6x - Sextet,Wipes,Wipes 6x
81551850,PA BW SN AR3 2x6x56 SRP CEEMEA exMQZ {CS} [81551850] (4015400636731),6x - Sextet,4015400636731,6x - Sextet,Wipes,Wipes 6x
81551851,PA BW SN AR3 2x6x56 SRP CEEMEA exEUS {CS} [81551851] (4015400636731),6x - Sextet,4015400636731,6x - Sextet,Wipes,Wipes 6x
81554447,PA BW NC FF AR3 2X6X64 SRP EMEA {CS} [81554447] (4015400689089),6x - Sextet,4015400689089,6x - Sextet,Wipes,Wipes 6x
81563388,PA BW SN AR3 9x56 MEGA CEEMEA exEUS {CS} [81563388] (4015400622253),9x - nonet,4015400622253,Wipes 9x,Wipes,Wipes 9x
81563389,PA BW SN AR3 9x56 MEGA CEEMEA exMQZ {CS} [81563389] (4015400622253),9x - nonet,4015400622253,Wipes 9x,Wipes,Wipes 9x
81565070,PA BW FC AR3 9x64 MEGA CEEMEA exEUS {CS} [81565070] (4015400622567),9x - nonet,4015400622567,Wipes 9x,Wipes,Wipes 9x
81565071,PA BW FC AR3 9x64 MEGA CEEMEA exMQZ {CS} [81565071] (4015400622567),9x - nonet,4015400622567,Wipes 9x,Wipes,Wipes 9x
81605028,PA BW DRP (48XSN56+72XFC64) AR3 CEN {CS} [81605028] (8001090180063),DRP,8001090180063,DRP,Wipes,Wipes DRP
81605029,PA BW DRP (48XSN56+72XFC64) AR3 CES {CS} [81605029] (8001090180063),DRP,8001090180063,DRP,Wipes,Wipes DRP
81630299,PA ABD M6 S4 1x106 MBM CEE BB {CS} [81630299] (4015400737254),S4,4015400737254,Mega Box Mini,BSOD,BSOD Minibox
81630301,PA ABD M6 S4 1x106 MBM CEE GYO BB {CS} [81630301] (4015400737254),S4,4015400737254,Mega Box Mini,BSOD,BSOD Minibox
81630307,PA ABD M6 S4 2x49 VP CEE DCT BB {CS} [81630307] (4015400735649),S4,4015400735649,Value Pack,BSOD,BSOD Value Pack
81630311,PA ABD M6 S4P 1x96 MBM CEE BB {CS} [81630311] (4015400737292),S4P,4015400737292,Mega Box Mini,BSOD,BSOD Minibox
81630313,PA ABD M6 S4P 1x96 MBM CEE GYO BB {CS} [81630313] (4015400737292),S4P,4015400737292,Mega Box Mini,BSOD,BSOD Minibox
81630314,PA ABD M6 S4P 2x53 VPP CEE BB {CS} [81630314] (8001090388612),S4P,8001090388612,Value Pack Plus,BSOD,BSOD Value Pack Plus
81630500,PA SRP ABD M6 S4 8x36 CP PL HU HR {CS} [81630500] (8001090389763),S4,8001090389763,Carry Pack SRP,BSOD,BSOD Carry Pack SRP
81630501,PA SRP ABD M6 S3 8x42 CP PL HU HR {CS} [81630501] (8001090389794),S3,8001090389794,Carry Pack SRP,BSOD,BSOD Carry Pack SRP
81636922,PA SRP PC PRNC (S1+S2) VP CEN {CS} [81636922] (4015400817659),Mix,4015400817659,Offline Manipulation,Premium,Premium Value Pack SRP
81629727,PA PC PRNC S3 1x120 MB CE EUS {CS} [81629727] (4015400489368),S3,4015400489368,Mega Box,Premium,Premium Mega Box
81630308,PA ABD M6 S4 2x49 VP CEE DCT GYO BB {CS} [81630308] (4015400735649),S4,4015400735649,Value Pack,BSOD,BSOD Value Pack
81630309,PA ABD M6 S4 4x49 SRP CEE BB {CS} [81630309] (4015400737452),S4,4015400737452,Online Discounter VP SRP,BSOD,BSOD Online Discounter VP SRP
81630315,PA ABD M6 S4P 2x53 VPP CEE GYO BB {CS} [81630315] (8001090388612),S4P,8001090388612,Value Pack Plus,BSOD,BSOD Value Pack Plus
81635078,PA NBD M6 S2 3x76 VPP HU/HR/CZ/SK {CS} [81635078] (8001090441164),S2,8001090441164,Value Pack Plus,BSOD,BSOD Offline VPP SRP
81636924,PA SRP 2xPC PRNC S2 2x80 VP CEN,S2,4015400817710,Offline Manipulation,Premium,Premium Value Pack SRP
81636925,PA SRP 2xPC PRNC S2 2x80 VP CES,S2,4015400817710,Offline Manipulation,Premium,Premium Value Pack SRP
81636923,PA SRP PC PRNC (S1 2X88+S2 2x80) VP CES,S1+S2,4015400817659,Offline Manipulation,Premium,Premium Value Pack SRP
81636089,PA ABD M6 S6 1x124 MSB CEET,S6,8001090448422,Monthly Saving Box,BSOD,BSOD Monthly Saving Box
81636087,PA ABD M6 S4P 1x152 MSB CEET,S4P,8001090448392,Monthly Saving Box,BSOD,BSOD Monthly Saving Box
81630310,PA ABD M6 S4 4x49 SRP CEE GYO BB,S4,4015400737452,Online Discounter VP SRP,BSOD,BSOD Online Discounter VP SRP
81631824,PA ABD M6 S4 3x49 SRP CEE PTC,S4,8001090402011,Online Discounter VP SRP,BSOD,BSOD Online Discounter VP SRP
81615760,PA ABD M6 S3 3x58 SRP CEE PTC,S3,8001090256492,Online Discounter VP SRP,BSOD,BSOD Online Discounter VP SRP
81631828,PA ABD M6 S5 3x42 SRP CEE PTC,S5,8001090402080,Online Discounter VP SRP,BSOD,BSOD Online Discounter VP SRP
81630324,PA ABD M6 S6 2x54 JP CEE BB,S6,4015400244868,Jumbo Pack,BSOD,BSOD Jumbo Pack
81630450,PA ABD M6 S4 3x64 JP CEE PL,S4,8001090278036,Jumbo Pack DCT,BSOD,BSOD Jumbo Pack DCT
81616901,PA ABD M6 S3 2x74 JP (PL),S3,4015400736493,Jumbo Pack DCT,BSOD,BSOD Jumbo Pack DCT
81630305,PA ABD M6 S4 1x147 MBPlus CEE GYO BB,S4,4015400737575,Mega box Plus,BSOD,BSOD MegaBox Plus
81632047,PA SRP NBD M6 S2 8x43 CP PL HU HR,S2,8001090404664,Carry Pack SRP,BSOD,BSOD Carry Pack SRP
81568904,PA NBD M6 S2 4x68 SRP CEE,S2,4015400737377,Online Manipulation,BSOD,BSOD Value Pack SRP
81615758,PA NBD M6 S2 3x68 SRP CEE PTC,S2,8001090256430,Online Discounter VP SRP,BSOD,BSOD Online Discounter VP SRP
81627489,PA PT DT0 S3 4X26 CP CEET DT perf,S3,4015400703976,Carry Pack,Pants Mainline,Pants Mainline Carry Pack
81627490,PA PT DT0 S3 2x60 JP CEET DT perf,S3,4015400682875,Jumbo Pack,Pants Mainline,Pants Mainline Jumbo Pack
81627491,PA PT DT0 S3 1x120 MB CEET DT perf,S3,4015400697176,Mega Box,Pants Mainline,Pants Mainline Mega Box
81630499,PA SRP ABD M6 S5 8x28 CP PL HU HR {CS} [81630499] (8001090389732),S5,8001090389732,Carry Pack SRP,BSOD,BSOD Carry Pack SRP
81634159,PA PC PRNC S0 2x38 PHP TPB,S0,8001090434876,PHP,ProCare,ProCare PHP
81634160,PA PC PRNC S1 2x38 PHP,S1,8001090434906,PHP,ProCare,ProCare PHP
81634161,PA PC PRNC S2 4x36 PHP,S2,8001090434937,PHP,ProCare,ProCare PHP
81634162,PA PC PRNC S3 4x32 PHP,S3,8001090434968,PHP,ProCare,ProCare PHP
81566664,PA Sleep&Play SF6 S3 3x58 VP CEE NOV {CS} [81566664] (4015400912521),S3,4015400912521,Value Pack,S&P,S&P Value Pack
81566841,PA Sleep&Play SF6 S4 4X50 VP CEE NOV {CS} [81566841] (4015400912613),S4,4015400912613,Value Pack,S&P,S&P Value Pack
81566844,PA Sleep&Play SF6 S5 4x42 VP CEE NOV {CS} [81566844] (4015400912668),S5,4015400912668,Value Pack,S&P,S&P Value Pack
81629462,PA PC PRNC S2 1x240 MSB CEET GR {CS} [81629462] (),S2,8001090580740,Monthly Saving Box,Premium,Premium Monthly Saving Box
81629463,PA PC PRNC S3 1x204 MSB CEET GR {CS} [81629463] (),S3,8001090580733,Monthly Saving Box,Premium,Premium Monthly Saving Box
81629464,PA PC PRNC S4 1x168 MSB CEET GR {CS} [81629464] (),S4,8001090580726,Monthly Saving Box,Premium,Premium Monthly Saving Box
81629465,PA PC PRNC S5 1x136 MSB CEET GR {CS} [81629465] (),S5,8001090579515,Monthly Saving Box,Premium,Premium Monthly Saving Box
81623973,PA Sleep&Play SF6 S4 4X50 VP CEE NOV leg {CS} [81623973] (4015400912613),S4,4015400912613,Value Pack,S&P,S&P Value Pack
81624116,PA ABD M6 S4P 2x70 GP CEE NOV leg {CS} [81624116] (4015400736295),S4P,4015400736295,Giant Pack,BSOD,BSOD Giant Pack
81630302,PA ABD M6 S4 1x106 MBM CEE NOV BB {CS} [81630302] (4015400737254),S4,4015400737254,Mega Box Mini,BSOD,BSOD Minibox
81565073,PA BW FC AR3 12x64 GIGA CEEMEA exMQZ {CS} [81565073] (),12x,4015400622598,Wipes 12x,Wipes,Wipes 12x
81565070,PA BW FC AR3 9x64 MEGA CEEMEA exEUS {CS} [81565070] (),9x - nonet,4015400622567,Wipes 9x,Wipes,Wipes 9x
81565071,PA BW FC AR3 9x64 MEGA CEEMEA exMQZ {CS} [81565071] (),9x - nonet,4015400622567,Wipes 9x,Wipes,Wipes 9x
81563391,PA BW SN AR3 12x56 GIGA CEEMEA exMQZ {CS} [81563391] (),12x,4015400622284,Wipes 12x,Wipes,Wipes 12x
81563388,PA BW SN AR3 9x56 MEGA CEEMEA exEUS {CS} [81563388] (),9x - nonet,4015400622253,Wipes 9x,Wipes,Wipes 9x
81563389,PA BW SN AR3 9x56 MEGA CEEMEA exMQZ {CS} [81563389] (),9x - nonet,4015400622253,Wipes 9x,Wipes,Wipes 9x
81646265,PA ABD M6P S4P 3x58 JP CEET DCT {CS} [81646265] (8001090522320),S4P,8001090522320,Jumbo Pack DCT,BSOD,BSOD Jumbo Pack DCT
81640935,PA ABD M6 S3 1x172 MQP CEET {CS} [81640935] (8001090459589),S3,8001090459589,Mega box Plus,BSOD,BSOD MegaBox Plus
81640938,PA ABD M6 S4 1x144 MQP CEET {CS} [81640938] (8001090459626),S4,8001090459626,Mega box Plus,BSOD,BSOD MegaBox Plus
81641394,PA ABD M6 S5 2x50 VPP CEE BB {CS} [81641394] (8001090487834),S5,8001090487834,Value Pack Plus,BSOD,BSOD Value Pack Plus
81640942,PA ABD M6 S5 1x124 MQP CEET GYO {CS} [81640942] (8001090459671),S5,8001090459671,Mega box Plus,BSOD,BSOD MegaBox Plus
81494335,PA PremCare BT20 S2 2x90 JP CEE TAR {CS} [81494335] (4015400521051),S2,4015400521051,Jumbo Pack,Pants Mainline,Pants Mainline Jumbo Pack
81643039,PA PT DM6 S5 4x22 CP CEET TAR {CS} [81643039] (8001090501684),S5,8001090501684,Carry Pack,Pants Mainline,Pants Mainline Carry Pack
81643042,PA PT DM6 S6 4x19 CP CEET TAR {CS} [81643042] (8001090501752),S6,8001090501752,Carry Pack,Pants Mainline,Pants Mainline Carry Pack
81665988,PA BW AR3 DRP (84XSN56+84FC64) LID CES,Mix,8001090691699,DRP,Wipes,Wipes DRP
81665986,PA BW AR3 DRP (96XSN56+96FC64) LID CEN,Mix,8001090691699,DRP,Wipes,Wipes DRP
81637334,PA ABD M6 S4P 1x96 MCM CEET PL,S4P,8001090459350,Mega Box Mini,BSOD,BSOD Minibox
81637324,PA ABD M6 S3 1x124 MQM CEET {CS} [81637324] (8001090459268),S3,8001090459268,Mega Box Mini,BSOD,BSOD Minibox
81637329,PA ABD M6 S4 1x106 MCM CEET {CS} [81637329] (8001090459312),S4,8001090459312,Mega Box Mini,BSOD,BSOD Minibox
81637339,PA ABD M6 S5 1x88 MCM CEET {CS} [81637339] (8001090459398),S5,8001090459398,Mega Box Mini,BSOD,BSOD Minibox
81627450,PA SRP ABD M6 S3 3x68 VPP PL {CS} [81627450] (8001090356925),S3,8001090356925,Biedronka SRP,BSOD,Biedronka SRP
81627452,PA SRP ABD M6 S4P 3x45 VP PL {CS} [81627452] (8001090356987),S4P,8001090356987,Biedronka SRP,BSOD,Biedronka SRP
81627453,PA SRP ABD M6 S5 3x42 VP PL {CS} [81627453] (8001090357014),S5,8001090357014,Biedronka SRP,BSOD,Biedronka SRP
81633164,PA SRP NBD M6 S2 3x76 VPP PL {CS} [81633164] (8001090420954),S2,8001090420954,Biedronka SRP,BSOD,Biedronka SRP
81637289,PA NBD M6 S2 1x100 GC CEET {CS} [81637289] (8001090458841),S2,8001090458841,Giant Pack,BSOD,BSOD Giant Pack
81637297,PA ABD M6 S3 1x108 GQP CEET GYO {CS} [81637297] (8001090458896),S3,8001090458896,Giant Pack Plus,BSOD,BSOD Giant Pack Plus
81637305,PA ABD M6 S4 1x90 GCP CEET {CS} [81637305] (8001090459084),S4,8001090459084,Giant Pack Plus,BSOD,BSOD Giant Pack Plus
81637310,PA ABD M6 S5 1x78 GCP CEET {CS} [81637310] (8001090459145),S5,8001090459145,Giant Pack Plus,BSOD,BSOD Giant Pack Plus
81637312,PA ABD M6 S5 1x78 GCP CEET GYO {CS} [81637312] (8001090459145),S5,8001090459145,Giant Pack Plus,BSOD,BSOD Giant Pack Plus
81637315,PA ABD M6 S6 1x66 GCP CEET {CS} [81637315] (8001090459183),S6,8001090459183,Giant Pack Plus,BSOD,BSOD Giant Pack Plus
81637361,PA ABD M6 S5 1x110 MC CEET {CS} [81637361] (8001090459534),S5,8001090459534,Mega Box,BSOD,BSOD Megabox
81637346,PA ABD M6 S3 1x152 MQ CEET {CS} [81637346] (8001090459442),S3,8001090459442,Mega Box,BSOD,BSOD Megabox
81637348,PA ABD M6 S3 1x152 MQ CEET GYO {CS} [81637348] (8001090459442),S3,8001090459442,Mega Box,BSOD,BSOD Megabox
81637352,PA ABD M6 S4 1x132 MQ CEET GYO {CS} [81637352] (8001090459473),S4,8001090459473,Mega Box,BSOD,BSOD Megabox
81637358,PA ABD M6 S4P 1x120 MQ CEET GYO {CS} [81637358] (8001090459503),S4P,8001090459503,Mega Box,BSOD,BSOD Megabox
81664885,PA SRP NBD M6 S2 8X43 CP CES {CS} [81664885] (8001090728258),S2,8001090728258,Carry Pack SRP,BSOD,BSOD Carry Pack SRP
81669042,PA SRP NBD M6 S1 6X43 VP PL,S1,8001090744470,Biedronka SRP,BSOD,Biedronka SRP
81669043,PA SRP ABD M6 S4 3X49 VP PL,S4,8001090744500,Biedronka SRP,BSOD,Biedronka SRP
81669044,PA SRP ABD M6 S6 3X36 VP PL,S6,8001090744531,Biedronka SRP,BSOD,Biedronka SRP
81606808,PA PT SK6 S4 4x22 CP CEET TAR {CS} [81606808] (8001090190437),S4,8001090190437,Carry Box,Pants Premium,Pants Premium Carry Pack
81606816,PA PT SK6 S3 2x56 VP CEET TAR {CS} [81606816] (4015400732181),S3,4015400732181,Value Box,Pants Premium,Pants Premium Value Pack
81667003,PA NBD M6 S2 1X144 MQM CEET REV {CS} [81667003] (8001090459220),S2,8001090459220,Mega Box Mini,BSOD,BSOD Minibox
81606818,PA PT SK6 S4 2x44 VP CEET TAR {CS} [81606818] (8001090190567),S4,8001090190567,Value Box,Pants Premium,Pants Premium Value Pack
81606820,PA PT SK6 S5 2x40 VP CEET TAR {CS} [81606820] (8001090190598),S5,8001090190598,Value Box,Pants Premium,Pants Premium Value Pack
81606823,PA PT SK6 S6 2x36 VP CEET TAR {CS} [81606823] (8001090190628),S6,8001090190628,Value Box,Pants Premium,Pants Premium Value Pack
81606810,PA PT SK6 S5 4x20 CP CEET TAR {CS} [81606810] (8001090190499),S5,8001090190499,Carry Box,Pants Premium,Pants Premium Carry Pack
81571285,PA NBD M6 S2 9x17 SMP CEE {CS} [81571285] (4015400977834),S2,4015400977834,Small Pack,BSOD,BSOD Small Pack
81571286,PA ABD M6 S3 8x15 SMP CEE {CS} [81571286] (8001090033291),S3,8001090033291,Small Pack,BSOD,BSOD Small Pack
81571287,PA ABD M6 S4 8x13 SMP CEE {CS} [81571287] (8001090033321),S4,8001090033321,Small Pack,BSOD,BSOD Small Pack
81647181,PA ABD M6 S5 8x11 SMP CEE rev {CS} [81647181] (8001090033376),S5,8001090033376,Small Pack,BSOD,BSOD Small Pack
81668601,PA AF BF6 S4 1X168 CES {CS} [81668601] (8001090735003),S4,8001090735003,Monthly Saving Box,Active Fit,AF Monthly Saving Box
81668602,PA AF BF6 S5 1X136 CES {CS} [81668602] (8001090735034),S5,8001090735034,Monthly Saving Box,Active Fit,AF Monthly Saving Box
81668603,PA AF BF6 S6 1X120 CES {CS} [81668603] (8001090735065),S6,8001090735065,Monthly Saving Box,Active Fit,AF Monthly Saving Box
81669008,PA BW SN AR3 24X12 SA SRP CEEMEA RU {CS} [81669008] (4015400636762),Sample,4015400636762,Sample,Wipes,Wipes Sample
81664437,PA SP V7 S3 3x58 VP CEE {CS} [81664437] (8001090746962),S3,8001090746962,Value Pack,S&P,S&P Value Pack
81664438,PA SP V7 S4 3x50 VP CEE {CS} [81664438] (8001090669032),S4,8001090669032,Value Pack,S&P,S&P Value Pack
81664439,PA SP V7 S5 4x42 VP CEE {CS} [81664439] (8001090784667),S5,8001090784667,Value Pack,S&P,S&P Value Pack
81666225,PA PT DM6 Lev S3 2x72 GP CEE TAR {CS} [81666225] (8001090694560),S3,8001090694560,Giant Pack,Pants Mainline,Pants Mainline Giant Pack
81666229,PA PT DM6 Lev S4 2x62 GP CEE TAR {CS} [81666229] (8001090694621),S4,8001090694621,Giant Pack,Pants Mainline,Pants Mainline Giant Pack
81666234,PA PT DM6 Lev S5 2x52 GP CEE TAR {CS} [81666234] (8001090694683),S5,8001090694683,Giant Pack,Pants Mainline,Pants Mainline Giant Pack
81666240,PA PT DM6 Lev S6 3x45 GP CEE TAR {CS} [81666240] (8001090694744),S6,8001090694744,Giant Pack,Pants Mainline,Pants Mainline Giant Pack
81666974,PA SPL POS S3 CP 8X12 EUR EX TAR {CS} [81666974] (8001090698339),S3,8001090698339,Carry Pack,Splashers,Splashers
81666976,PA SPL POS S4 CP 8X11 EUR EX TAR {CS} [81666976] (8001090698377),S4,8001090698377,Carry Pack,Splashers,Splashers
81668262,PA SPL POS S5 CP 8X10 EUR TPB {CS} [81668262] (8001090728944),S5,8001090728944,Carry Pack,Splashers,Splashers
81677242,PA PT DM6 LEV S5 2X48 JP CEE TAR HC UOS {CS} [81677242] (8001090886491),S5,8001090886491,Jumbo Pack,Pants Mainline,Pants Mainline Jumbo Pack
81664440,PA SP V7 S3 3x78 JP CEE {CS} [81664440] (8001090669070),S3,8001090669070,Jumbo Pack,S&P,S&P Jumbo Pack
81666156,PA PT DM6 Lev S3 3x26 CP CEE TAR {CS} [81666156] (8001090822819),S3,8001090822819,Carry Pack,Pants Mainline,Pants Mainline Carry Pack
81666201,PA PT DM6 Lev S6 4x19 CP CEE TAR {CS} [81666201] (8001090823021),S6,8001090823021,Carry Pack,Pants Mainline,Pants Mainline Carry Pack
81672159,PA PT DM6 LEV S4 1X176 MSB CEET TAR {CS} [81672159] (8001090807915),S4,8001090807915,Monthly Saving Box,Pants Mainline,Pants Mainline MSB
81672161,PA PT DM6 LEV S5 1X152 MSB CEET TAR {CS} [81672161] (8001090807991),S5,8001090807991,Monthly Saving Box,Pants Mainline,Pants Mainline MSB
81672163,PA PT DM6 LEV S6 1X132 MSB CEET TAR {CS} [81672163] (8001090808073),S6,8001090808073,Monthly Saving Box,Pants Mainline,Pants Mainline MSB
81679121,PAMPERS DRP MIX 4XM6 (45 CU) PL {CS} [81679121] (8001090918338),Mix,8001090918338,DRP,BSOD,Biedronka DRP
81681719,PA BW SRP AR3 (12 X FC64 + 6 X SN56) PL {CS} [81681719] (8001090388278),Mix,8001090388278,SRP,Wipes,Biedronka Wipes SRP
81682990,PAMPERS DRP MIX SPL 48 CU PL {CS} [81682990] (8001090988010),Mix,8001090988010,DRP,Splashers,Splashers DRP
81685153,PA BW DRP MIX (FC&SN) 48CU CZ/SK/HU {CS} [81685153] (8001841017563),Mix,8001841017563,DRP,Wipes,Wipes 4x Tesco DRP
