fpc,description,it_ean,sw_ean,cs_ean,pt_ean,cpg,category,brand,optima_lineup,family3,phase_in_date,phase_out_date,predecessor,successor
81499709,PA ABD M5P S3 4x42 CP CEE {CS} [81499709] (4015400537410),4015400537410,0,0,0,r,DPR,BSOD,BSOD Carry Pack,BSOD Carry Pack,2018.01.01,2019.12.31,,
81499717,PA ABD M5P S4 4x36 CP CEE {CS} [81499717] (4015400537441),4015400537441,0,0,0,r,DPR,BSOD,BSOD Carry Pack,BSOD Carry Pack,2018.01.01,2019.12.31,,
81499728,PA ABD M5P S5 4x28 CP CEE {CS} [81499728] (4015400537625),4015400537625,0,0,0,r,DPR,BSOD,BSOD Carry Pack,BSOD Carry Pack,2018.01.01,2019.12.31,,
81499733,PA ABD M5P S6 4x24 CP CEE {CS} [81499733] (4015400537830),4015400537830,0,0,0,r,DPR,BSOD,BSOD Carry Pack,BSOD Carry Pack,2018.01.01,2019.12.31,,
81501365,PA NBD M5P S2 4x43 CP CEE {CS} [81501365] (4015400704287),4015400704287,0,0,0,r,DPR,BSOD,BSOD Carry Pack,BSOD Carry Pack,2018.01.01,2019.12.31,,
81555670,PA ABD M6 S3 4x42 CP CEE {CS} [81555670] (4015400537410),4015400537410,0,0,0,r,DPR,BSOD,BSOD Carry Pack,BSOD Carry Pack,2018.01.01,2019.12.31,,
81555681,PA ABD M6 S4 4x36 CP CEE {CS} [81555681] (4015400988236),4015400988236,0,0,0,r,DPR,BSOD,BSOD Carry Pack,BSOD Carry Pack,2018.01.01,2019.12.31,,
81555697,PA ABD M6 S5 6x28 CP CEE {CS} [81555697] (4015400774587),4015400774587,0,0,0,r,DPR,BSOD,BSOD Carry Pack,BSOD Carry Pack,2018.01.01,2019.12.31,,
81555709,PA ABD M6 S6 4x24 CP CEE {CS} [81555709] (4015400537830),4015400537830,0,0,0,r,DPR,BSOD,BSOD Carry Pack,BSOD Carry Pack,2018.01.01,2019.12.31,,
81555797,PA ABD M6 S3 4x42 CP CEE GYO {CS} [81555797] (4015400537410),4015400537410,0,0,0,r,DPR,BSOD,BSOD Carry Pack,BSOD Carry Pack,2018.01.01,2019.12.31,,
81555809,PA ABD M6 S4 4x36 CP CEE GYO {CS} [81555809] (4015400988236),4015400988236,0,0,0,r,DPR,BSOD,BSOD Carry Pack,BSOD Carry Pack,2018.01.01,2019.12.31,,
81555834,PA ABD M6 S5 6x28 CP CEE GYO {CS} [81555834] (4015400774587),4015400774587,0,0,0,r,DPR,BSOD,BSOD Carry Pack,BSOD Carry Pack,2018.01.01,2019.12.31,,
81561944,PA NBD M6 S2 4x43 CP CEE {CS} [81561944] (4015400704287),4015400704287,0,0,0,r,DPR,BSOD,BSOD Carry Pack,BSOD Carry Pack,2018.01.01,2019.12.31,,
81527651,PA NBD M5P S2 2x100 GP CEE {CS} [81527651] (4015400736141),4015400736141,0,0,0,r,DPR,BSOD,BSOD Giant Pack,BSOD Giant Pack,2018.01.01,2019.12.31,,
81527652,PA ABD M5P S3 2x90 GP CEE {CS} [81527652] (4015400736196),4015400736196,0,0,0,r,DPR,BSOD,BSOD Giant Pack,BSOD Giant Pack,2018.01.01,2019.12.31,,
81527653,PA ABD M5P S4 2x76 GP CEE {CS} [81527653] (4015400736240),4015400736240,0,0,0,r,DPR,BSOD,BSOD Giant Pack,BSOD Giant Pack,2018.01.01,2019.12.31,,
81527654,PA ABD M5P S4P 2x70 GP CEE {CS} [81527654] (4015400736295),4015400736295,0,0,0,r,DPR,BSOD,BSOD Giant Pack,BSOD Giant Pack,2018.01.01,2019.12.31,,
81527655,PA ABD M5P S5 2x64 GP CEE {CS} [81527655] (4015400736349),4015400736349,0,0,0,r,DPR,BSOD,BSOD Giant Pack,BSOD Giant Pack,2018.01.01,2019.12.31,,
81527656,PA ABD M5P S6 2x56 GP CEE {CS} [81527656] (4015400736394),4015400736394,0,0,0,r,DPR,BSOD,BSOD Giant Pack,BSOD Giant Pack,2018.01.01,2019.12.31,,
81529515,PA ABD M5P S3 2x90 GP CEE GYO {CS} [81529515] (4015400736196),4015400736196,0,0,0,r,DPR,BSOD,BSOD Giant Pack,BSOD Giant Pack,2018.01.01,2019.12.31,,
81529516,PA ABD M5P S4 2x76 GP CEE GYO {CS} [81529516] (4015400736240),4015400736240,0,0,0,r,DPR,BSOD,BSOD Giant Pack,BSOD Giant Pack,2018.01.01,2019.12.31,,
81529517,PA ABD M5P S4P 2x70 GP CEE GYO {CS} [81529517] (4015400736295),4015400736295,0,0,0,r,DPR,BSOD,BSOD Giant Pack,BSOD Giant Pack,2018.01.01,2019.12.31,,
81529518,PA ABD M5P S5 2x64 GP CEE GYO {CS} [81529518] (4015400736349),4015400736349,0,0,0,r,DPR,BSOD,BSOD Giant Pack,BSOD Giant Pack,2018.01.01,2019.12.31,,
81555674,PA ABD M6 S3 2x90 GP CEE {CS} [81555674] (4015400736196),4015400736196,0,0,0,r,DPR,BSOD,BSOD Giant Pack,BSOD Giant Pack,2018.01.01,2019.12.31,,
81555679,PA ABD M6 S4 2x76 GP CEE {CS} [81555679] (4015400736240),4015400736240,0,0,0,r,DPR,BSOD,BSOD Giant Pack,BSOD Giant Pack,2018.01.01,2019.12.31,,
81555689,PA ABD M6 S4P 2x70 GP CEE {CS} [81555689] (4015400736295),4015400736295,0,0,0,r,DPR,BSOD,BSOD Giant Pack,BSOD Giant Pack,2018.01.01,2019.12.31,,
81555698,PA ABD M6 S5 2x64 GP CEE {CS} [81555698] (4015400988205),4015400988205,0,0,0,r,DPR,BSOD,BSOD Giant Pack,BSOD Giant Pack,2018.01.01,2019.12.31,,
81555710,PA ABD M6 S6 2x56 GP CEE {CS} [81555710] (4015400736394),4015400736394,0,0,0,r,DPR,BSOD,BSOD Giant Pack,BSOD Giant Pack,2018.01.01,2019.12.31,,
81555801,PA ABD M6 S3 2x90 GP CEE GYO {CS} [81555801] (4015400736196),4015400736196,0,0,0,r,DPR,BSOD,BSOD Giant Pack,BSOD Giant Pack,2018.01.01,2019.12.31,,
81555806,PA ABD M6 S4 2x76 GP CEE GYO {CS} [81555806] (4015400736240),4015400736240,0,0,0,r,DPR,BSOD,BSOD Giant Pack,BSOD Giant Pack,2018.01.01,2019.12.31,,
81555818,PA ABD M6 S4P 2x70 GP CEE GYO {CS} [81555818] (4015400736295),4015400736295,0,0,0,r,DPR,BSOD,BSOD Giant Pack,BSOD Giant Pack,2018.01.01,2019.12.31,,
81555837,PA ABD M6 S5 2x64 GP CEE GYO {CS} [81555837] (4015400988205),4015400988205,0,0,0,r,DPR,BSOD,BSOD Giant Pack,BSOD Giant Pack,2018.01.01,2019.12.31,,
81561955,PA NBD M6 S2 1x100 GB CEE {CS} [81561955] (4015400857228),4015400857228,0,0,0,r,DPR,BSOD,BSOD Giant Pack,BSOD Giant Pack,2018.01.01,2019.12.31,,
81617910,PA ABD M6 S5 3x64 GP CEE rev {CS} [81617910] (8001090278067),8001090278067,0,0,0,r,DPR,BSOD,BSOD Giant Pack,BSOD Giant Pack,2018.01.01,2019.12.31,,
81617911,PA ABD M6 S5 3x64 GP CEE GYO rev {CS} [81617911] (8001090278067),8001090278067,0,0,0,r,DPR,BSOD,BSOD Giant Pack,BSOD Giant Pack,2018.01.01,2019.12.31,,
81528066,PA ABD M5P S3 1x108 GPP CEE {CS} [81528066] (4015400737018),4015400737018,0,0,0,r,DPR,BSOD,BSOD Giant Pack Plus,BSOD Giant Pack Plus,2018.01.01,2019.12.31,,
81528067,PA ABD M5P S4 1x90 GPP CEE {CS} [81528067] (4015400737056),4015400737056,0,0,0,r,DPR,BSOD,BSOD Giant Pack Plus,BSOD Giant Pack Plus,2018.01.01,2019.12.31,,
81528069,PA ABD M5P S5 1x78 GPP CEE {CS} [81528069] (4015400737094),4015400737094,0,0,0,r,DPR,BSOD,BSOD Giant Pack Plus,BSOD Giant Pack Plus,2018.01.01,2019.12.31,,
81528070,PA ABD M5P S6 1x66 GPP CEE {CS} [81528070] (4015400737131),4015400737131,0,0,0,r,DPR,BSOD,BSOD Giant Pack Plus,BSOD Giant Pack Plus,2018.01.01,2019.12.31,,
81530060,PA ABD M5P S3 1x108 GPP CEE GYO {CS} [81530060] (4015400737018),4015400737018,0,0,0,r,DPR,BSOD,BSOD Giant Pack Plus,BSOD Giant Pack Plus,2018.01.01,2019.12.31,,
81530062,PA ABD M5P S4 1x90 GPP CEE GYO {CS} [81530062] (4015400737056),4015400737056,0,0,0,r,DPR,BSOD,BSOD Giant Pack Plus,BSOD Giant Pack Plus,2018.01.01,2019.12.31,,
81530064,PA ABD M5P S5 1x78 GPP CEE GYO {CS} [81530064] (4015400737094),4015400737094,0,0,0,r,DPR,BSOD,BSOD Giant Pack Plus,BSOD Giant Pack Plus,2018.01.01,2019.12.31,,
81555182,PA ABD M6 S3 1x108 GPP CEE {CS} [81555182] (4015400737018),4015400737018,0,0,0,r,DPR,BSOD,BSOD Giant Pack Plus,BSOD Giant Pack Plus,2018.01.01,2019.12.31,,
81555183,PA ABD M6 S4 1x90 GPP CEE {CS} [81555183] (4015400737056),4015400737056,0,0,0,r,DPR,BSOD,BSOD Giant Pack Plus,BSOD Giant Pack Plus,2018.01.01,2019.12.31,,
81555188,PA ABD M6 S5 1x78 GPP CEE {CS} [81555188] (4015400986652),4015400986652,0,0,0,r,DPR,BSOD,BSOD Giant Pack Plus,BSOD Giant Pack Plus,2018.01.01,2019.12.31,,
81555191,PA ABD M6 S6 1x66 GPP CEE {CS} [81555191] (4015400737131),4015400737131,0,0,0,r,DPR,BSOD,BSOD Giant Pack Plus,BSOD Giant Pack Plus,2018.01.01,2019.12.31,,
81555272,PA ABD M6 S3 1x108 GPP CEE GYO {CS} [81555272] (4015400737018),4015400737018,0,0,0,r,DPR,BSOD,BSOD Giant Pack Plus,BSOD Giant Pack Plus,2018.01.01,2019.12.31,,
81555274,PA ABD M6 S4 1x90 GPP CEE GYO {CS} [81555274] (4015400737056),4015400737056,0,0,0,r,DPR,BSOD,BSOD Giant Pack Plus,BSOD Giant Pack Plus,2018.01.01,2019.12.31,,
81555285,PA ABD M6 S5 1x78 GPP CEE GYO {CS} [81555285] (4015400986652),4015400986652,0,0,0,r,DPR,BSOD,BSOD Giant Pack Plus,BSOD Giant Pack Plus,2018.01.01,2019.12.31,,
81499201,PA ABD M5P S4P 2x62 JP CEE {CS} [81499201] (4015400264767),4015400264767,0,0,0,r,DPR,BSOD,BSOD Jumbo Pack,BSOD Jumbo Pack,2018.01.01,2019.12.31,,
81499206,PA ABD M5P S5 2x58 JP CEE {CS} [81499206] (4015400264804),4015400264804,0,0,0,r,DPR,BSOD,BSOD Jumbo Pack,BSOD Jumbo Pack,2018.01.01,2019.12.31,,
81499210,PA ABD M5P S6 2x54 JP CEE {CS} [81499210] (4015400244868),4015400244868,0,0,0,r,DPR,BSOD,BSOD Jumbo Pack,BSOD Jumbo Pack,2018.01.01,2019.12.31,,
81499712,PA ABD M5P S3 2x82 JP CEE {CS} [81499712] (4015400265078),4015400265078,0,0,0,r,DPR,BSOD,BSOD Jumbo Pack,BSOD Jumbo Pack,2018.01.01,2019.12.31,,
81499719,PA ABD M5P S4 2x70 JP CEE {CS} [81499719] (4015400244752),4015400244752,0,0,0,r,DPR,BSOD,BSOD Jumbo Pack,BSOD Jumbo Pack,2018.01.01,2019.12.31,,
81499882,PA NBD M5P S2 2x94 JP CEE {CS} [81499882] (4015400264606),4015400264606,0,0,0,r,DPR,BSOD,BSOD Jumbo Pack,BSOD Jumbo Pack,2018.01.01,2019.12.31,,
81500508,PA ABD M5P S3 2x82 JP CEE GYO {CS} [81500508] (4015400265078),4015400265078,0,0,0,r,DPR,BSOD,BSOD Jumbo Pack,BSOD Jumbo Pack,2018.01.01,2019.12.31,,
81500517,PA ABD M5P S4 2x70 JP CEE GYO {CS} [81500517] (4015400244752),4015400244752,0,0,0,r,DPR,BSOD,BSOD Jumbo Pack,BSOD Jumbo Pack,2018.01.01,2019.12.31,,
81500547,PA ABD M5P S4P 2x62 JP CEE GYO {CS} [81500547] (4015400264767),4015400264767,0,0,0,r,DPR,BSOD,BSOD Jumbo Pack,BSOD Jumbo Pack,2018.01.01,2019.12.31,,
81500579,PA ABD M5P S5 2x58 JP CEE GYO {CS} [81500579] (4015400264804),4015400264804,0,0,0,r,DPR,BSOD,BSOD Jumbo Pack,BSOD Jumbo Pack,2018.01.01,2019.12.31,,
81527657,PA NBD M5P S2 2x80 JP CEE DCT {CS} [81527657] (4015400736448),4015400736448,0,0,0,r,DPR,BSOD,BSOD Jumbo Pack DCT,BSOD Jumbo Pack DCT,2018.01.01,2019.12.31,,
81527658,PA ABD M5P S3 2x74 JP CEE DCT {CS} [81527658] (4015400736493),4015400736493,0,0,0,r,DPR,BSOD,BSOD Jumbo Pack DCT,BSOD Jumbo Pack DCT,2018.01.01,2019.12.31,,
81527659,PA ABD M5P S4 2x64 JP CEE DCT {CS} [81527659] (4015400736547),4015400736547,0,0,0,r,DPR,BSOD,BSOD Jumbo Pack DCT,BSOD Jumbo Pack DCT,2018.01.01,2019.12.31,,
81527660,PA ABD M5P S5 2x52 JP CEE DCT {CS} [81527660] (4015400736592),4015400736592,0,0,0,r,DPR,BSOD,BSOD Jumbo Pack DCT,BSOD Jumbo Pack DCT,2018.01.01,2019.12.31,,
81527662,PA ABD M5P S6 2x44 JP CEE DCT {CS} [81527662] (4015400736646),4015400736646,0,0,0,r,DPR,BSOD,BSOD Jumbo Pack DCT,BSOD Jumbo Pack DCT,2018.01.01,2019.12.31,,
81529520,PA ABD M5P S3 2x74 JP CEE DCT GYO {CS} [81529520] (4015400736493),4015400736493,0,0,0,r,DPR,BSOD,BSOD Jumbo Pack DCT,BSOD Jumbo Pack DCT,2018.01.01,2019.12.31,,
81529521,PA ABD M5P S4 2x64 JP CEE DCT GYO {CS} [81529521] (4015400736547),4015400736547,0,0,0,r,DPR,BSOD,BSOD Jumbo Pack DCT,BSOD Jumbo Pack DCT,2018.01.01,2019.12.31,,
81529522,PA ABD M5P S5 2x52 JP CEE DCT GYO {CS} [81529522] (4015400736592),4015400736592,0,0,0,r,DPR,BSOD,BSOD Jumbo Pack DCT,BSOD Jumbo Pack DCT,2018.01.01,2019.12.31,,
81555671,PA ABD M6 S3 2x74 JP CEE DCT {CS} [81555671] (4015400736493),4015400736493,0,0,0,r,DPR,BSOD,BSOD Jumbo Pack DCT,BSOD Jumbo Pack DCT,2018.01.01,2019.12.31,,
81555672,PA ABD M6 S3 2x82 JP CEE {CS} [81555672] (4015400265078),4015400265078,0,0,0,r,DPR,BSOD,BSOD Jumbo Pack,BSOD Jumbo Pack,2018.01.01,2019.12.31,,
81555682,PA ABD M6 S4 2x64 JP CEE DCT {CS} [81555682] (4015400736547),4015400736547,0,0,0,r,DPR,BSOD,BSOD Jumbo Pack DCT,BSOD Jumbo Pack DCT,2018.01.01,2019.12.31,,
81555683,PA ABD M6 S4 2x70 JP CEE {CS} [81555683] (4015400244752),4015400244752,0,0,0,r,DPR,BSOD,BSOD Jumbo Pack,BSOD Jumbo Pack,2018.01.01,2019.12.31,,
81555690,PA ABD M6 S4P 2x62 JP CEE {CS} [81555690] (4015400264767),4015400264767,0,0,0,r,DPR,BSOD,BSOD Jumbo Pack,BSOD Jumbo Pack,2018.01.01,2019.12.31,,
81555699,PA ABD M6 S5 3x52 JP CEE DCT {CS} [81555699] (4015400756835),4015400756835,0,0,0,r,DPR,BSOD,BSOD Jumbo Pack DCT,BSOD Jumbo Pack DCT,2018.01.01,2019.12.31,,
81555700,PA ABD M6 S5 2x58 JP CEE {CS} [81555700] (4015400985976),4015400985976,0,0,0,r,DPR,BSOD,BSOD Jumbo Pack,BSOD Jumbo Pack,2018.01.01,2019.12.31,,
81555704,PA ABD M6 S6 2x44 JP CEE DCT {CS} [81555704] (4015400736646),4015400736646,0,0,0,r,DPR,BSOD,BSOD Jumbo Pack DCT,BSOD Jumbo Pack DCT,2018.01.01,2019.12.31,,
81555705,PA ABD M6 S6 2x54 JP CEE {CS} [81555705] (4015400244868),4015400244868,0,0,0,r,DPR,BSOD,BSOD Jumbo Pack,BSOD Jumbo Pack,2018.01.01,2019.12.31,,
81555798,PA ABD M6 S3 2x74 JP CEE DCT GYO {CS} [81555798] (4015400736493),4015400736493,0,0,0,r,DPR,BSOD,BSOD Jumbo Pack DCT,BSOD Jumbo Pack DCT,2018.01.01,2019.12.31,,
81555799,PA ABD M6 S3 2x82 JP CEE GYO {CS} [81555799] (4015400265078),4015400265078,0,0,0,r,DPR,BSOD,BSOD Jumbo Pack,BSOD Jumbo Pack,2018.01.01,2019.12.31,,
81555812,PA ABD M6 S4 2x70 JP CEE GYO {CS} [81555812] (4015400244752),4015400244752,0,0,0,r,DPR,BSOD,BSOD Jumbo Pack,BSOD Jumbo Pack,2018.01.01,2019.12.31,,
81555819,PA ABD M6 S4P 2x62 JP CEE GYO {CS} [81555819] (4015400264767),4015400264767,0,0,0,r,DPR,BSOD,BSOD Jumbo Pack,BSOD Jumbo Pack,2018.01.01,2019.12.31,,
81555838,PA ABD M6 S5 3x52 JP CEE DCT GYO {CS} [81555838] (4015400756835),4015400756835,0,0,0,r,DPR,BSOD,BSOD Jumbo Pack DCT,BSOD Jumbo Pack DCT,2018.01.01,2019.12.31,,
81555839,PA ABD M6 S5 2x58 JP CEE GYO {CS} [81555839] (4015400985976),4015400985976,0,0,0,r,DPR,BSOD,BSOD Jumbo Pack,BSOD Jumbo Pack,2018.01.01,2019.12.31,,
81561945,PA NBD M6 S2 2x80 JP CEE DCT {CS} [81561945] (4015400736448),4015400736448,0,0,0,r,DPR,BSOD,BSOD Jumbo Pack DCT,BSOD Jumbo Pack DCT,2018.01.01,2019.12.31,,
81561954,PA NBD M6 S2 2x94 JP CEE {CS} [81561954] (4015400264606),4015400264606,0,0,0,r,DPR,BSOD,BSOD Jumbo Pack,BSOD Jumbo Pack,2018.01.01,2019.12.31,,
81617894,PA ABD M6 S5 3x58 JP CEE GYO rev {CS} [81617894] (8001090277947),8001090277947,0,0,0,r,DPR,BSOD,BSOD Jumbo Pack,BSOD Jumbo Pack,2018.01.01,2019.12.31,,
81617896,PA ABD M6 S5 3x58 JP CEE rev {CS} [81617896] (8001090277947),8001090277947,0,0,0,r,DPR,BSOD,BSOD Jumbo Pack,BSOD Jumbo Pack,2018.01.01,2019.12.31,,
81617905,PA ABD M6 S4 3x64 JP CEE DCT rev {CS} [81617905] (8001090278036),8001090278036,0,0,0,r,DPR,BSOD,BSOD Jumbo Pack DCT,BSOD Jumbo Pack DCT,2018.01.01,2019.12.31,,
81617907,PA ABD M6 S4 3x64 JP CEE DCT GYO rev {CS} [81617907] (8001090278036),8001090278036,0,0,0,r,DPR,BSOD,BSOD Jumbo Pack DCT,BSOD Jumbo Pack DCT,2018.01.01,2019.12.31,,
81499612,PA ABD M5P S3 1x150 MB CEE {CS} [81499612] (4015400265191),4015400265191,0,0,0,r,DPR,BSOD,BSOD Megabox,BSOD Megabox,2018.01.01,2019.12.31,,
81499617,PA ABD M5P S4 1x132 MB CEE {CS} [81499617] (4015400265221),4015400265221,0,0,0,r,DPR,BSOD,BSOD Megabox,BSOD Megabox,2018.01.01,2019.12.31,,
81499622,PA ABD M5P S4P 1x120 MB CEE {CS} [81499622] (4015400264965),4015400264965,0,0,0,r,DPR,BSOD,BSOD Megabox,BSOD Megabox,2018.01.01,2019.12.31,,
81499625,PA ABD M5P S5 1x111 MB CEE {CS} [81499625] (4015400265009),4015400265009,0,0,0,r,DPR,BSOD,BSOD Megabox,BSOD Megabox,2018.01.01,2019.12.31,,
81499857,PA ABD M5P S3 1x150 MB CEE GYO {CS} [81499857] (4015400265191),4015400265191,0,0,0,r,DPR,BSOD,BSOD Megabox,BSOD Megabox,2018.01.01,2019.12.31,,
81499861,PA ABD M5P S4 1x132 MB CEE GYO {CS} [81499861] (4015400265221),4015400265221,0,0,0,r,DPR,BSOD,BSOD Megabox,BSOD Megabox,2018.01.01,2019.12.31,,
81499866,PA ABD M5P S4P 1x120 MB CEE GYO {CS} [81499866] (4015400264965),4015400264965,0,0,0,r,DPR,BSOD,BSOD Megabox,BSOD Megabox,2018.01.01,2019.12.31,,
81499870,PA ABD M5P S5 1x111 MB CEE GYO {CS} [81499870] (4015400265009),4015400265009,0,0,0,r,DPR,BSOD,BSOD Megabox,BSOD Megabox,2018.01.01,2019.12.31,,
81555180,PA ABD M6 S3 1x150 MB CEE {CS} [81555180] (4015400775836),4015400775836,0,0,0,r,DPR,BSOD,BSOD Megabox,BSOD Megabox,2018.01.01,2019.12.31,,
81555184,PA ABD M6 S4 1x132 MB CEE {CS} [81555184] (4015400265221),4015400265221,0,0,0,r,DPR,BSOD,BSOD Megabox,BSOD Megabox,2018.01.01,2019.12.31,,
81555186,PA ABD M6 S4P 1x120 MB CEE {CS} [81555186] (4015400264965),4015400264965,0,0,0,r,DPR,BSOD,BSOD Megabox,BSOD Megabox,2018.01.01,2019.12.31,,
81555189,PA ABD M6 S5 1x111 MB CEE {CS} [81555189] (4015400775478),4015400775478,0,0,0,r,DPR,BSOD,BSOD Megabox,BSOD Megabox,2018.01.01,2019.12.31,,
81555268,PA ABD M6 S3 1x150 MB CEE GYO {CS} [81555268] (4015400775836),4015400775836,0,0,0,r,DPR,BSOD,BSOD Megabox,BSOD Megabox,2018.01.01,2019.12.31,,
81555276,PA ABD M6 S4 1x132 MB CEE GYO {CS} [81555276] (4015400265221),4015400265221,0,0,0,r,DPR,BSOD,BSOD Megabox,BSOD Megabox,2018.01.01,2019.12.31,,
81555281,PA ABD M6 S4P 1x120 MB CEE GYO {CS} [81555281] (4015400264965),4015400264965,0,0,0,r,DPR,BSOD,BSOD Megabox,BSOD Megabox,2018.01.01,2019.12.31,,
81555287,PA ABD M6 S5 1x111 MB CEE GYO {CS} [81555287] (4015400775478),4015400775478,0,0,0,r,DPR,BSOD,BSOD Megabox,BSOD Megabox,2018.01.01,2019.12.31,,
81528071,PA NBD M5P S2 1x144 MBM CEE {CS} [81528071] (4015400737179),4015400737179,0,0,0,r,DPR,BSOD,BSOD Minibox,BSOD Minibox,2018.01.01,2019.12.31,,
81528072,PA ABD M5P S3 1x126 MBM CEE {CS} [81528072] (4015400737216),4015400737216,0,0,0,r,DPR,BSOD,BSOD Minibox,BSOD Minibox,2018.01.01,2019.12.31,,
81528073,PA ABD M5P S4 1x106 MBM CEE {CS} [81528073] (4015400737254),4015400737254,0,0,0,r,DPR,BSOD,BSOD Minibox,BSOD Minibox,2018.01.01,2019.12.31,,
81528074,PA ABD M5P S4P 1x96 MBM CEE {CS} [81528074] (4015400737292),4015400737292,0,0,0,r,DPR,BSOD,BSOD Minibox,BSOD Minibox,2018.01.01,2019.12.31,,
81528075,PA ABD M5P S5 1x87 MBM CEE {CS} [81528075] (4015400737339),4015400737339,0,0,0,r,DPR,BSOD,BSOD Minibox,BSOD Minibox,2018.01.01,2019.12.31,,
81530068,PA ABD M5P S3 1x126 MBM CEE GYO {CS} [81530068] (4015400737216),4015400737216,0,0,0,r,DPR,BSOD,BSOD Minibox,BSOD Minibox,2018.01.01,2019.12.31,,
81530069,PA ABD M5P S4 1x106 MBM CEE GYO {CS} [81530069] (4015400737254),4015400737254,0,0,0,r,DPR,BSOD,BSOD Minibox,BSOD Minibox,2018.01.01,2019.12.31,,
81530071,PA ABD M5P S4P 1x96 MBM CEE GYO {CS} [81530071] (4015400737292),4015400737292,0,0,0,r,DPR,BSOD,BSOD Minibox,BSOD Minibox,2018.01.01,2019.12.31,,
81530073,PA ABD M5P S5 1x87 MBM CEE GYO {CS} [81530073] (4015400737339),4015400737339,0,0,0,r,DPR,BSOD,BSOD Minibox,BSOD Minibox,2018.01.01,2019.12.31,,
81555179,PA NBD M6 S2 1x144 MBM CEE {CS} [81555179] (4015400737179),4015400737179,0,0,0,r,DPR,BSOD,BSOD Minibox,BSOD Minibox,2018.01.01,2019.12.31,,
81555181,PA ABD M6 S3 1x126 MBM CEE {CS} [81555181] (4015400737216),4015400737216,0,0,0,r,DPR,BSOD,BSOD Minibox,BSOD Minibox,2018.01.01,2019.12.31,,
81555185,PA ABD M6 S4 1x106 MBM CEE {CS} [81555185] (4015400737254),4015400737254,0,0,0,r,DPR,BSOD,BSOD Minibox,BSOD Minibox,2018.01.01,2019.12.31,,
81555187,PA ABD M6 S4P 1x96 MBM CEE {CS} [81555187] (4015400737292),4015400737292,0,0,0,r,DPR,BSOD,BSOD Minibox,BSOD Minibox,2018.01.01,2019.12.31,,
81555190,PA ABD M6 S5 1x87 MBM CEE {CS} [81555190] (4015400987154),4015400987154,0,0,0,r,DPR,BSOD,BSOD Minibox,BSOD Minibox,2018.01.01,2019.12.31,,
81555270,PA ABD M6 S3 1x126 MBM CEE GYO {CS} [81555270] (4015400737216),4015400737216,0,0,0,r,DPR,BSOD,BSOD Minibox,BSOD Minibox,2018.01.01,2019.12.31,,
81555278,PA ABD M6 S4 1x106 MBM CEE GYO {CS} [81555278] (4015400737254),4015400737254,0,0,0,r,DPR,BSOD,BSOD Minibox,BSOD Minibox,2018.01.01,2019.12.31,,
81555283,PA ABD M6 S4P 1x96 MBM CEE GYO {CS} [81555283] (4015400737292),4015400737292,0,0,0,r,DPR,BSOD,BSOD Minibox,BSOD Minibox,2018.01.01,2019.12.31,,
81555289,PA ABD M6 S5 1x87 MBM CEE GYO {CS} [81555289] (4015400987154),4015400987154,0,0,0,r,DPR,BSOD,BSOD Minibox,BSOD Minibox,2018.01.01,2019.12.31,,
81528080,PA ABD M5P S3 1x174 MBPlus CEE {CS} [81528080] (4015400737537),4015400737537,0,0,0,r,DPR,BSOD,BSOD MegaBox Plus,BSOD MegaBox Plus,2018.01.01,2019.12.31,,
81528081,PA ABD M5P S4 1x147 MBPlus CEE {CS} [81528081] (4015400737575),4015400737575,0,0,0,r,DPR,BSOD,BSOD MegaBox Plus,BSOD MegaBox Plus,2018.01.01,2019.12.31,,
81528082,PA ABD M5P S5 1x126 MBPlus CEE {CS} [81528082] (4015400737612),4015400737612,0,0,0,r,DPR,BSOD,BSOD MegaBox Plus,BSOD MegaBox Plus,2018.01.01,2019.12.31,,
81530090,PA ABD M5P S3 1x174 MBPlus CEE GYO {CS} [81530090] (4015400737537),4015400737537,0,0,0,r,DPR,BSOD,BSOD MegaBox Plus,BSOD MegaBox Plus,2018.01.01,2019.12.31,,
81530091,PA ABD M5P S4 1x147 MBPlus CEE GYO {CS} [81530091] (4015400737575),4015400737575,0,0,0,r,DPR,BSOD,BSOD MegaBox Plus,BSOD MegaBox Plus,2018.01.01,2019.12.31,,
81530092,PA ABD M5P S5 1x126 MBPlus CEE GYO {CS} [81530092] (4015400737612),4015400737612,0,0,0,r,DPR,BSOD,BSOD MegaBox Plus,BSOD MegaBox Plus,2018.01.01,2019.12.31,,
81555301,PA ABD M6 S3 1x174 MBPlus CEE {CS} [81555301] (4015400737537),4015400737537,0,0,0,r,DPR,BSOD,BSOD MegaBox Plus,BSOD MegaBox Plus,2018.01.01,2019.12.31,,
81555302,PA ABD M6 S4 1x147 MBPlus CEE {CS} [81555302] (4015400737575),4015400737575,0,0,0,r,DPR,BSOD,BSOD MegaBox Plus,BSOD MegaBox Plus,2018.01.01,2019.12.31,,
81555303,PA ABD M6 S5 1x126 MBPlus CEE {CS} [81555303] (4015400737612),4015400737612,0,0,0,r,DPR,BSOD,BSOD MegaBox Plus,BSOD MegaBox Plus,2018.01.01,2019.12.31,,
81555311,PA ABD M6 S3 1x174 MBPlus CEE GYO {CS} [81555311] (4015400737537),4015400737537,0,0,0,r,DPR,BSOD,BSOD MegaBox Plus,BSOD MegaBox Plus,2018.01.01,2019.12.31,,
81555312,PA ABD M6 S4 1x147 MBPlus CEE GYO {CS} [81555312] (4015400737575),4015400737575,0,0,0,r,DPR,BSOD,BSOD MegaBox Plus,BSOD MegaBox Plus,2018.01.01,2019.12.31,,
81555313,PA ABD M6 S5 1x126 MBPlus CEE GYO {CS} [81555313] (4015400737612),4015400737612,0,0,0,r,DPR,BSOD,BSOD MegaBox Plus,BSOD MegaBox Plus,2018.01.01,2019.12.31,,
81603987,PA ABD M6 S3 1x208 MSB CEE {CS} [81603987] (8001090172501),8001090172501,0,0,0,r,DPR,BSOD,BSOD Monthly Saving Box,BSOD Monthly Saving Box,2018.01.01,2019.12.31,,
81603989,PA ABD M6 S4 1x174 MSB CEE {CS} [81603989] (8001090172549),8001090172549,0,0,0,r,DPR,BSOD,BSOD Monthly Saving Box,BSOD Monthly Saving Box,2018.01.01,2019.12.31,,
81603991,PA ABD M6 S5 1x150 MSB CEE {CS} [81603991] (8001090172587),8001090172587,0,0,0,r,DPR,BSOD,BSOD Monthly Saving Box,BSOD Monthly Saving Box,2018.01.01,2019.12.31,,
81534866,PA NBD M5P S2 3x76 VPP CEN {CS} [81534866] (4015400743835),4015400743835,0,0,0,r,DPR,BSOD,BSOD Value Pack Plus,BSOD Value Pack Plus,2018.01.01,2019.12.31,,
81534867,PA NBD M5P S2 3x76 VPP CES {CS} [81534867] (4015400743835),4015400743835,0,0,0,r,DPR,BSOD,BSOD Value Pack Plus,BSOD Value Pack Plus,2018.01.01,2019.12.31,,
81544058,PA SRP NBD M5P S2 4x2x66 VPM PL {CS} [81544058] (4015400700548),4015400700548,0,0,0,r,DPR,BSOD,BSOD Value Pack Minus SRP,BSOD Value Pack Minus SRP,2018.01.01,2019.12.31,,
81544073,PA SRP ABD M5P S3 4x2x54 VPM PL {CS} [81544073] (4015400700579),4015400700579,0,0,0,r,DPR,BSOD,BSOD Value Pack Minus SRP,BSOD Value Pack Minus SRP,2018.01.01,2019.12.31,,
81544075,PA SRP ABD M5P S4 4x3x46 VPM PL {CS} [81544075] (4015400700609),4015400700609,0,0,0,r,DPR,BSOD,BSOD Value Pack Minus SRP,BSOD Value Pack Minus SRP,2018.01.01,2019.12.31,,
81544076,PA SRP ABD M5P S5 4x3x36 VPM PL {CS} [81544076] (4015400700630),4015400700630,0,0,0,r,DPR,BSOD,BSOD Value Pack Minus SRP,BSOD Value Pack Minus SRP,2018.01.01,2019.12.31,,
81549545,PA SRP NBD M5P S2 8X(4x43) CP HR/HU/PL {CS} [81549545] (4015400760610),4015400760610,0,0,0,r,DPR,BSOD,BSOD Carry Pack SRP,BSOD Carry Pack SRP,2018.01.01,2019.12.31,,
81549546,PA SRP ABD M5P S3 8X(4x42) CP HR/HU/PL {CS} [81549546] (4015400760641),4015400760641,0,0,0,r,DPR,BSOD,BSOD Carry Pack SRP,BSOD Carry Pack SRP,2018.01.01,2019.12.31,,
81549547,PA SRP ABD M5P S4 8X(4x36) CP HU/HR/PL {CS} [81549547] (4015400760672),4015400760672,0,0,0,r,DPR,BSOD,BSOD Carry Pack SRP,BSOD Carry Pack SRP,2018.01.01,2019.12.31,,
81549548,PA SRP ABD M5P 4XS4P+4XS5 CP HU/HR/PL {CS} [81549548] (4015400760702),4015400760702,0,0,0,r,DPR,BSOD,BSOD Carry Pack SRP,BSOD Carry Pack SRP,2018.01.01,2019.12.31,,
81616899,PA ABD M6 S3 3x68 VPP (PL) {CS} [81616899] (4015400774358),4015400774358,0,0,0,r,DPR,BSOD,BSOD Value Pack Plus,BSOD Value Pack Plus,2018.01.01,2019.12.31,,
81616903,PA ABD M6 S3 2x90 GP (PL) {CS} [81616903] (4015400736196),4015400736196,0,0,0,r,DPR,BSOD,BSOD Giant Pack,BSOD Giant Pack,2018.01.01,2019.12.31,,
81616904,PA ABD M6 S4 2x76 GP (PL) {CS} [81616904] (4015400736240),4015400736240,0,0,0,r,DPR,BSOD,BSOD Giant Pack,BSOD Giant Pack,2018.01.01,2019.12.31,,
81528076,PA NBD M5P S2 4x68 SRP CEE {CS} [81528076] (4015400737377),4015400737377,0,0,0,r,DPR,BSOD,BSOD Online Discounter VP SRP,BSOD Online Discounter VP SRP,2018.01.01,2019.12.31,,
81528077,PA ABD M5P S3 4x58 SRP CEE {CS} [81528077] (4015400737414),4015400737414,0,0,0,r,DPR,BSOD,BSOD Online Discounter VP SRP,BSOD Online Discounter VP SRP,2018.01.01,2019.12.31,,
81528078,PA ABD M5P S4 4x49 SRP CEE {CS} [81528078] (4015400737452),4015400737452,0,0,0,r,DPR,BSOD,BSOD Online Discounter VP SRP,BSOD Online Discounter VP SRP,2018.01.01,2019.12.31,,
81528079,PA ABD M5P S5 4x42 SRP CEE {CS} [81528079] (4015400737490),4015400737490,0,0,0,r,DPR,BSOD,BSOD Value Pack SRP,BSOD Value Pack SRP,2018.01.01,2019.12.31,,
81568905,PA ABD M6 S3 4x58 SRP CEE {CS} [81568905] (4015400737414),4015400737414,0,0,0,r,DPR,BSOD,BSOD Online Discounter VP SRP,BSOD Online Discounter VP SRP,2018.01.01,2019.12.31,,
81568906,PA ABD M6 S4 4x49 SRP CEE {CS} [81568906] (4015400737452),4015400737452,0,0,0,r,DPR,BSOD,BSOD Online Discounter VP SRP,BSOD Online Discounter VP SRP,2018.01.01,2019.12.31,,
81568911,PA ABD M6 S3 4x58 SRP CEE GYO {CS} [81568911] (4015400737414),4015400737414,0,0,0,r,DPR,BSOD,BSOD Online Discounter VP SRP,BSOD Online Discounter VP SRP,2018.01.01,2019.12.31,,
81568912,PA ABD M6 S4 4x49 SRP CEE GYO {CS} [81568912] (4015400737452),4015400737452,0,0,0,r,DPR,BSOD,BSOD Online Discounter VP SRP,BSOD Online Discounter VP SRP,2018.01.01,2019.12.31,,
81568923,PA ABD M6 S5 4x42 SRP CEE {CS} [81568923] (4015400948810),4015400948810,0,0,0,r,DPR,BSOD,BSOD Online Discounter VP SRP,BSOD Online Discounter VP SRP,2018.01.01,2019.12.31,,
81568926,PA ABD M6 S5 4x42 SRP CEE GYO {CS} [81568926] (4015400948810),4015400948810,0,0,0,r,DPR,BSOD,BSOD Online Discounter VP SRP,BSOD Online Discounter VP SRP,2018.01.01,2019.12.31,,
81499852,PA NBD M5P S1 4x43 VP CEE {CS} [81499852] (4015400444053),4015400444053,0,0,0,r,DPR,BSOD,BSOD Value Pack,BSOD Value Pack,2018.01.01,2019.12.31,,
81527638,PA NBD M5P S2 2x68 VP CEE DCT {CS} [81527638] (4015400735540),4015400735540,0,0,0,r,DPR,BSOD,BSOD Value Pack,BSOD Value Pack,2018.01.01,2019.12.31,,
81527640,PA ABD M5P S3 2x58 VP CEE DCT {CS} [81527640] (4015400735595),4015400735595,0,0,0,r,DPR,BSOD,BSOD Value Pack,BSOD Value Pack,2018.01.01,2019.12.31,,
81527641,PA ABD M5P S4 2x49 VP CEE DCT {CS} [81527641] (4015400735649),4015400735649,0,0,0,r,DPR,BSOD,BSOD Value Pack,BSOD Value Pack,2018.01.01,2019.12.31,,
81527642,PA ABD M5P S4P 3x45 VP CEE DCT {CS} [81527642] (4015400735694),4015400735694,0,0,0,r,DPR,BSOD,BSOD Value Pack,BSOD Value Pack,2018.01.01,2019.12.31,,
81527643,PA ABD M5P S5 2x42 VP CEE DCT {CS} [81527643] (4015400735748),4015400735748,0,0,0,r,DPR,BSOD,BSOD Value Pack,BSOD Value Pack,2018.01.01,2019.12.31,,
81527644,PA ABD M5P S6 2x36 VP CEE DCT {CS} [81527644] (4015400735793),4015400735793,0,0,0,r,DPR,BSOD,BSOD Value Pack,BSOD Value Pack,2018.01.01,2019.12.31,,
81529505,PA ABD M5P S3 2x58 VP CEE DCT GYO {CS} [81529505] (4015400735595),4015400735595,0,0,0,r,DPR,BSOD,BSOD Value Pack,BSOD Value Pack,2018.01.01,2019.12.31,,
81529506,PA ABD M5P S4 2x49 VP CEE DCT GYO {CS} [81529506] (4015400735649),4015400735649,0,0,0,r,DPR,BSOD,BSOD Value Pack,BSOD Value Pack,2018.01.01,2019.12.31,,
81529507,PA ABD M5P S4P 3x45 VP CEE DCT GYO {CS} [81529507] (4015400735694),4015400735694,0,0,0,r,DPR,BSOD,BSOD Value Pack,BSOD Value Pack,2018.01.01,2019.12.31,,
81529508,PA ABD M5P S5 2x42 VP CEE DCT GYO {CS} [81529508] (4015400735748),4015400735748,0,0,0,r,DPR,BSOD,BSOD Value Pack,BSOD Value Pack,2018.01.01,2019.12.31,,
81555675,PA ABD M6 S3 3x58 VP CEE DCT {CS} [81555675] (4015400774266),4015400774266,0,0,0,r,DPR,BSOD,BSOD Value Pack,BSOD Value Pack,2018.01.01,2019.12.31,,
81555684,PA ABD M6 S4 2x49 VP CEE DCT {CS} [81555684] (4015400735649),4015400735649,0,0,0,r,DPR,BSOD,BSOD Value Pack,BSOD Value Pack,2018.01.01,2019.12.31,,
81555691,PA ABD M6 S4P 3x45 VP CEE DCT {CS} [81555691] (4015400735694),4015400735694,0,0,0,r,DPR,BSOD,BSOD Value Pack,BSOD Value Pack,2018.01.01,2019.12.31,,
81555696,PA ABD M6 S5 4x42 VP CEE DCT {CS} [81555696] (4015400774556),4015400774556,0,0,0,r,DPR,BSOD,BSOD Value Pack,BSOD Value Pack,2018.01.01,2019.12.31,,
81555706,PA ABD M6 S6 2x36 VP CEE DCT {CS} [81555706] (4015400735793),4015400735793,0,0,0,r,DPR,BSOD,BSOD Value Pack,BSOD Value Pack,2018.01.01,2019.12.31,,
81555802,PA ABD M6 S3 3x58 VP CEE DCT GYO {CS} [81555802] (4015400774266),4015400774266,0,0,0,r,DPR,BSOD,BSOD Value Pack,BSOD Value Pack,2018.01.01,2019.12.31,,
81555813,PA ABD M6 S4 2x49 VP CEE DCT GYO {CS} [81555813] (4015400735649),4015400735649,0,0,0,r,DPR,BSOD,BSOD Value Pack,BSOD Value Pack,2018.01.01,2019.12.31,,
81555821,PA ABD M6 S4P 3x45 VP CEE DCT GYO {CS} [81555821] (4015400735694),4015400735694,0,0,0,r,DPR,BSOD,BSOD Value Pack,BSOD Value Pack,2018.01.01,2019.12.31,,
81555832,PA ABD M6 S5 4x42 VP CEE DCT GYO {CS} [81555832] (4015400774556),4015400774556,0,0,0,r,DPR,BSOD,BSOD Value Pack,BSOD Value Pack,2018.01.01,2019.12.31,,
81561941,PA NBD M6 S1 4x43 VP CEE {CS} [81561941] (4015400444053),4015400444053,0,0,0,r,DPR,BSOD,BSOD Value Pack,BSOD Value Pack,2018.01.01,2019.12.31,,
81561948,PA NBD M6 S2 2x68 VP CEE DCT {CS} [81561948] (4015400735540),4015400735540,0,0,0,r,DPR,BSOD,BSOD Value Pack,BSOD Value Pack,2018.01.01,2019.12.31,,
81499715,PA ABD M5P S3 2x54 VPM CEE {CS} [81499715] (4015400649670),4015400649670,0,0,0,r,DPR,BSOD,BSOD Value Pack Minus,BSOD Value Pack Minus,2018.01.01,2019.12.31,,
81499722,PA ABD M5P S4 3x46 VPM CEE {CS} [81499722] (4015400649717),4015400649717,0,0,0,r,DPR,BSOD,BSOD Value Pack Minus,BSOD Value Pack Minus,2018.01.01,2019.12.31,,
81499726,PA ABD M5P S4P 3x40 VPM CEE {CS} [81499726] (4015400649755),4015400649755,0,0,0,r,DPR,BSOD,BSOD Value Pack Minus,BSOD Value Pack Minus,2018.01.01,2019.12.31,,
81499731,PA ABD M5P S5 3x36 VPM CEE {CS} [81499731] (4015400649793),4015400649793,0,0,0,r,DPR,BSOD,BSOD Value Pack Minus,BSOD Value Pack Minus,2018.01.01,2019.12.31,,
81499735,PA ABD M5P S6 3x30 VPM CEE {CS} [81499735] (4015400649830),4015400649830,0,0,0,r,DPR,BSOD,BSOD Value Pack Minus,BSOD Value Pack Minus,2018.01.01,2019.12.31,,
81499892,PA NBD M5P S2 2x66 VPM CEE {CS} [81499892] (4015400649632),4015400649632,0,0,0,r,DPR,BSOD,BSOD Value Pack Minus,BSOD Value Pack Minus,2018.01.01,2019.12.31,,
81555677,PA ABD M6 S3 3x54 VPM CEE {CS} [81555677] (4015400774327),4015400774327,0,0,0,r,DPR,BSOD,BSOD Value Pack Minus,BSOD Value Pack Minus,2018.01.01,2019.12.31,,
81555687,PA ABD M6 S4 4x46 VPM CEE {CS} [81555687] (4015400751687),4015400751687,0,0,0,r,DPR,BSOD,BSOD Value Pack Minus,BSOD Value Pack Minus,2018.01.01,2019.12.31,,
81555693,PA ABD M6 S4P 4x40 VPM CEE {CS} [81555693] (4015400756729),4015400756729,0,0,0,r,DPR,BSOD,BSOD Value Pack Minus,BSOD Value Pack Minus,2018.01.01,2019.12.31,,
81555695,PA ABD M6 S5 3x36 VPM CEE {CS} [81555695] (4015400988694),4015400988694,0,0,0,r,DPR,BSOD,BSOD Value Pack Minus,BSOD Value Pack Minus,2018.01.01,2019.12.31,,
81555707,PA ABD M6 S6 3x30 VPM CEE {CS} [81555707] (4015400649830),4015400649830,0,0,0,r,DPR,BSOD,BSOD Value Pack Minus,BSOD Value Pack Minus,2018.01.01,2019.12.31,,
81555804,PA ABD M6 S3 3x54 VPM CEE GYO {CS} [81555804] (4015400774327),4015400774327,0,0,0,r,DPR,BSOD,BSOD Value Pack Minus,BSOD Value Pack Minus,2018.01.01,2019.12.31,,
81555816,PA ABD M6 S4 4x46 VPM CEE GYO {CS} [81555816] (4015400751687),4015400751687,0,0,0,r,DPR,BSOD,BSOD Value Pack Minus,BSOD Value Pack Minus,2018.01.01,2019.12.31,,
81555825,PA ABD M6 S4P 4x40 VPM CEE GYO {CS} [81555825] (4015400756729),4015400756729,0,0,0,r,DPR,BSOD,BSOD Value Pack Minus,BSOD Value Pack Minus,2018.01.01,2019.12.31,,
81555827,PA ABD M6 S5 3x36 VPM CEE GYO {CS} [81555827] (4015400988694),4015400988694,0,0,0,r,DPR,BSOD,BSOD Value Pack Minus,BSOD Value Pack Minus,2018.01.01,2019.12.31,,
81561951,PA NBD M6 S2 2x66 VPM CEE {CS} [81561951] (4015400649632),4015400649632,0,0,0,r,DPR,BSOD,BSOD Value Pack Minus,BSOD Value Pack Minus,2018.01.01,2019.12.31,,
81527645,PA NBD M5P S2 2x76 VPP CEE {CS} [81527645] (4015400735847),4015400735847,0,0,0,r,DPR,BSOD,BSOD Value Pack Plus,BSOD Value Pack Plus,2018.01.01,2019.12.31,,
81527646,PA ABD M5P S3 2x68 VPP CEE {CS} [81527646] (4015400735892),4015400735892,0,0,0,r,DPR,BSOD,BSOD Value Pack Plus,BSOD Value Pack Plus,2018.01.01,2019.12.31,,
81527647,PA ABD M5P S4 2x58 VPP CEE {CS} [81527647] (4015400735946),4015400735946,0,0,0,r,DPR,BSOD,BSOD Value Pack Plus,BSOD Value Pack Plus,2018.01.01,2019.12.31,,
81527648,PA ABD M5P S4P 2x53 VPP CEE {CS} [81527648] (4015400735991),4015400735991,0,0,0,r,DPR,BSOD,BSOD Value Pack Plus,BSOD Value Pack Plus,2018.01.01,2019.12.31,,
81527649,PA ABD M5P S5 2x50 VPP CEE {CS} [81527649] (4015400736042),4015400736042,0,0,0,r,DPR,BSOD,BSOD Value Pack Plus,BSOD Value Pack Plus,2018.01.01,2019.12.31,,
81527650,PA ABD M5P S6 2x42 VPP CEE {CS} [81527650] (4015400736097),4015400736097,0,0,0,r,DPR,BSOD,BSOD Value Pack Plus,BSOD Value Pack Plus,2018.01.01,2019.12.31,,
81529510,PA ABD M5P S3 2x68 VPP CEE GYO {CS} [81529510] (4015400735892),4015400735892,0,0,0,r,DPR,BSOD,BSOD Value Pack Plus,BSOD Value Pack Plus,2018.01.01,2019.12.31,,
81529511,PA ABD M5P S4 2x58 VPP CEE GYO {CS} [81529511] (4015400735946),4015400735946,0,0,0,r,DPR,BSOD,BSOD Value Pack Plus,BSOD Value Pack Plus,2018.01.01,2019.12.31,,
81529512,PA ABD M5P S4P 2x53 VPP CEE GYO {CS} [81529512] (4015400735991),4015400735991,0,0,0,r,DPR,BSOD,BSOD Value Pack Plus,BSOD Value Pack Plus,2018.01.01,2019.12.31,,
81529513,PA ABD M5P S5 2x50 VPP CEE GYO {CS} [81529513] (4015400736042),4015400736042,0,0,0,r,DPR,BSOD,BSOD Value Pack Plus,BSOD Value Pack Plus,2018.01.01,2019.12.31,,
81555678,PA ABD M6 S3 3x68 VPP CEE {CS} [81555678] (4015400774358),4015400774358,0,0,0,r,DPR,BSOD,BSOD Value Pack Plus,BSOD Value Pack Plus,2018.01.01,2019.12.31,,
81555685,PA ABD M6 S4 2x58 VPP CEE {CS} [81555685] (4015400735946),4015400735946,0,0,0,r,DPR,BSOD,BSOD Value Pack Plus,BSOD Value Pack Plus,2018.01.01,2019.12.31,,
81555694,PA ABD M6 S4P 3x53 VPP CEE {CS} [81555694] (4015400778813),4015400778813,0,0,0,r,DPR,BSOD,BSOD Value Pack Plus,BSOD Value Pack Plus,2018.01.01,2019.12.31,,
81555702,PA ABD M6 S5 2x50 VPP CEE {CS} [81555702] (4015400756804),4015400756804,0,0,0,r,DPR,BSOD,BSOD Value Pack Plus,BSOD Value Pack Plus,2018.01.01,2019.12.31,,
81555708,PA ABD M6 S6 2x42 VPP CEE {CS} [81555708] (4015400736097),4015400736097,0,0,0,r,DPR,BSOD,BSOD Value Pack Plus,BSOD Value Pack Plus,2018.01.01,2019.12.31,,
81555805,PA ABD M6 S3 3x68 VPP CEE GYO {CS} [81555805] (4015400774358),4015400774358,0,0,0,r,DPR,BSOD,BSOD Value Pack Plus,BSOD Value Pack Plus,2018.01.01,2019.12.31,,
81555826,PA ABD M6 S4P 3x53 VPP CEE GYO {CS} [81555826] (4015400778813),4015400778813,0,0,0,r,DPR,BSOD,BSOD Value Pack Plus,BSOD Value Pack Plus,2018.01.01,2019.12.31,,
81555841,PA ABD M6 S5 2x50 VPP CEE GYO {CS} [81555841] (4015400756804),4015400756804,0,0,0,r,DPR,BSOD,BSOD Value Pack Plus,BSOD Value Pack Plus,2018.01.01,2019.12.31,,
81561952,PA NBD M6 S2 2x76 VPP CEE {CS} [81561952] (4015400735847),4015400735847,0,0,0,r,DPR,BSOD,BSOD Value Pack Plus,BSOD Value Pack Plus,2018.01.01,2019.12.31,,
81617901,PA ABD M6 S4 3x58 VPP CEE rev {CS} [81617901] (8001090278005),8001090278005,0,0,0,r,DPR,BSOD,BSOD Value Pack Plus,BSOD Value Pack Plus,2018.01.01,2019.12.31,,
81617903,PA ABD M6 S4 3x58 VPP CEE GYO rev {CS} [81617903] (8001090278005),8001090278005,0,0,0,r,DPR,BSOD,BSOD Value Pack Plus,BSOD Value Pack Plus,2018.01.01,2019.12.31,,
81407325,PA ActBoy L8PP S5 6X20 CP CEE PF TAR Dgo {CS} [81407325] (4015400255505),4015400255505,0,0,0,r,DPR,BSOD,BSOD Carry Pack,BSOD Carry Pack,2018.01.01,2019.12.31,,
81499599,PA NBD M5P S2 2x94 JP CEE GYO {CS} [81499599] (4015400264606),4015400264606,0,0,0,r,DPR,BSOD,BSOD Jumbo Pack,BSOD Jumbo Pack,2018.01.01,2019.12.31,,
81499723,PA ABD M5P S4P 4x32 CP CEE {CS} [81499723] (4015400537472),4015400537472,0,0,0,r,DPR,BSOD,BSOD Carry Pack,BSOD Carry Pack,2018.01.01,2019.12.31,,
81499817,PA ABD M5P S3 1x150 MB CEE NOV {CS} [81499817] (4015400265191),4015400265191,0,0,0,r,DPR,BSOD,BSOD Megabox,BSOD Megabox,2018.01.01,2019.12.31,,
81500413,PA ABD M5P S3 2x82 JP CEE NOV {CS} [81500413] (4015400265078),4015400265078,0,0,0,r,DPR,BSOD,BSOD Jumbo Pack,BSOD Jumbo Pack,2018.01.01,2019.12.31,,
81525944,PA NBD M5P S2 2x66 VPM CEE M6 ST {CS} [81525944] (4015400649632),4015400649632,0,0,0,r,DPR,BSOD,BSOD Value Pack Minus,BSOD Value Pack Minus,2018.01.01,2019.12.31,,
81529504,PA NBD M5P S2 2x68 VP CEE DCT GYO {CS} [81529504] (4015400735540),4015400735540,0,0,0,r,DPR,BSOD,BSOD Value Pack,BSOD Value Pack,2018.01.01,2019.12.31,,
81529509,PA NBD M5P S2 2x76 VPP CEE GYO {CS} [81529509] (4015400735847),4015400735847,0,0,0,r,DPR,BSOD,BSOD Value Pack Plus,BSOD Value Pack Plus,2018.01.01,2019.12.31,,
81529514,PA NBD M5P S2 2x100 GP CEE GYO {CS} [81529514] (4015400736141),4015400736141,0,0,0,r,DPR,BSOD,BSOD Giant Pack,BSOD Giant Pack,2018.01.01,2019.12.31,,
81529519,PA NBD M5P S2 2x80 JP CEE DCT GYO {CS} [81529519] (4015400736448),4015400736448,0,0,0,r,DPR,BSOD,BSOD Jumbo Pack DCT,BSOD Jumbo Pack DCT,2018.01.01,2019.12.31,,
81529529,PA NBD M5P S2 2x76 VPP CEE NOV {CS} [81529529] (4015400735847),4015400735847,0,0,0,r,DPR,BSOD,BSOD Value Pack Plus,BSOD Value Pack Plus,2018.01.01,2019.12.31,,
81530082,PA NBD M5P S2 1x144 MBM CEE NOV {CS} [81530082] (4015400737179),4015400737179,0,0,0,r,DPR,BSOD,BSOD Minibox,BSOD Minibox,2018.01.01,2019.12.31,,
81530083,PA ABD M5P S3 1x126 MBM CEE NOV {CS} [81530083] (4015400737216),4015400737216,0,0,0,r,DPR,BSOD,BSOD Minibox,BSOD Minibox,2018.01.01,2019.12.31,,
81532726,PA NBD M5P S2 2x76 VPP CEE M6 ST {CS} [81532726] (4015400735847),4015400735847,0,0,0,r,DPR,BSOD,BSOD Value Pack Plus,BSOD Value Pack Plus,2018.01.01,2019.12.31,,
81532727,PA NBD M5P S2 2x80 JP CEE DCT M6 ST {CS} [81532727] (4015400736448),4015400736448,0,0,0,r,DPR,BSOD,BSOD Jumbo Pack DCT,BSOD Jumbo Pack DCT,2018.01.01,2019.12.31,,
81558022,PA ABD M5P S4 1x106 MBM GYO CES {CS} [81558022] (4015400737254),4015400737254,0,0,0,r,DPR,BSOD,BSOD Minibox,BSOD Minibox,2018.01.01,2019.12.31,,
81558025,PA ABD M5P S4 1x132 MB GYO CES {CS} [81558025] (4015400265221),4015400265221,0,0,0,r,DPR,BSOD,BSOD Megabox,BSOD Megabox,2018.01.01,2019.12.31,,
81558029,PA ABD M5P S4 1x90 GPP CEN {CS} [81558029] (4015400737056),4015400737056,0,0,0,r,DPR,BSOD,BSOD Giant Pack Plus,BSOD Giant Pack Plus,2018.01.01,2019.12.31,,
81630252,PA ABD M6 S3 2x90 GP CEE GYO BB {CS} [81630252] (4015400736196),4015400736196,0,0,0,r,DPR,BSOD,BSOD Giant Pack,BSOD Giant Pack,2018.01.01,2019.12.31,,
81630253,PA NBD M6 S1 4x43 VP CEE BB {CS} [81630253] (4015400444053),4015400444053,0,0,0,r,DPR,BSOD,BSOD Value Pack,BSOD Value Pack,2018.01.01,2019.12.31,,
81630255,PA ABD M6 S3 2x90 GP CEE BB {CS} [81630255] (4015400736196),4015400736196,0,0,0,r,DPR,BSOD,BSOD Giant Pack,BSOD Giant Pack,2018.01.01,2019.12.31,,
81630297,PA NBD M6 S2 2x94 JP CEE BB {CS} [81630297] (4015400264606),4015400264606,0,0,0,r,DPR,BSOD,BSOD Jumbo Pack,BSOD Jumbo Pack,2018.01.01,2019.12.31,,
81630304,PA ABD M6 S4 1x147 MBPlus CEE BB {CS} [81630304] (4015400737575),4015400737575,0,0,0,r,DPR,BSOD,BSOD MegaBox Plus,BSOD MegaBox Plus,2018.01.01,2019.12.31,,
81630316,PA ABD M6 S5 1x150 MSB CEE BB {CS} [81630316] (8001090172587),8001090172587,0,0,0,r,DPR,BSOD,BSOD Monthly Saving Box,BSOD Monthly Saving Box,2018.01.01,2019.12.31,,
81630449,PA ABD M6 S4 3x58 VPP PL {CS} [81630449] (8001090278005),8001090278005,0,0,0,r,DPR,BSOD,BSOD Value Pack Plus,BSOD Value Pack Plus,2018.01.01,2019.12.31,,
81630481,PA NBD M6 S2 4x43 CP CEE BB {CS} [81630481] (4015400704287),4015400704287,0,0,0,r,DPR,BSOD,BSOD Carry Pack,BSOD Carry Pack,2018.01.01,2019.12.31,,
81635112,PA NBD M6 S2 3x76 VPP CEN {CS} [81635112] (8001090441164),8001090441164,0,0,0,r,DPR,BSOD,BSOD Offline VPP SRP,BSOD Offline VPP SRP,2018.01.01,2019.12.31,,
81502256,PA Bedmats 3X7 Hex compact bag WE v2 {CS} [81502256] (4015400333432),4015400333432,0,0,0,r,DPR,Mats,BedMats x1,BedMats x1,2018.01.01,2019.12.31,,
81522604,PA Bedmats 3X7 Hex compact bag CES {CS} [81522604] (4015400333432),4015400333432,0,0,0,r,DPR,Mats,BedMats x1,BedMats x1,2018.01.01,2019.12.31,,
81502253,PA Changemats 5X12 Hex WE v2 {CS} [81502253] (4015400827405),4015400827405,0,0,0,r,DPR,Mats,ChangeMats x12,ChangeMats x12,2018.01.01,2019.12.31,,
81522602,PA Changemats 5X12 Hex CES {CS} [81522602] (4015400827405),4015400827405,0,0,0,r,DPR,Mats,ChangeMats x12,ChangeMats x12,2018.01.01,2019.12.31,,
81480086,PAMPERS PANTS DT0 S4 4X24 CP CEEMEA TAR {CS} [81480086] (4015400672616),4015400672616,0,0,0,r,DPR,Pants Mainline,Pants Mainline Carry Pack,Pants Mainline Carry Pack,2018.01.01,2019.12.31,,
81530035,Pampers Pants DT0 S4 4X24 CP CEEMEA NOV {CS} [81530035] (4015400672616),4015400672616,0,0,0,r,DPR,Pants Mainline,Pants Mainline Carry Pack,Pants Mainline Carry Pack,2018.01.01,2019.12.31,,
81530036,Pampers Pants DT0 S5 4X22 CP CEEMEA NOV {CS} [81530036] (4015400672654),4015400672654,0,0,0,r,DPR,Pants Mainline,Pants Mainline Carry Pack,Pants Mainline Carry Pack,2018.01.01,2019.12.31,,
81541183,Pampers PT DT0 S5 4X22 CP CEEMEA TAR V2 {CS} [81541183] (4015400672654),4015400672654,0,0,0,r,DPR,Pants Mainline,Pants Mainline Carry Pack,Pants Mainline Carry Pack,2018.01.01,2019.12.31,,
81544138,Pampers Pants DT0 S6 4X19 CP CEEMEA TAR {CS} [81544138] (4015400673361),4015400673361,0,0,0,r,DPR,Pants Mainline,Pants Mainline Carry Pack,Pants Mainline Carry Pack,2018.01.01,2019.12.31,,
81544139,Pampers Pants DT0 S6 4X19 CP CEEMEA NOV {CS} [81544139] (4015400673361),4015400673361,0,0,0,r,DPR,Pants Mainline,Pants Mainline Carry Pack,Pants Mainline Carry Pack,2018.01.01,2019.12.31,,
81547286,PA PT DT0 S3 4X26 CP CEEMEA TAR wo EE {CS} [81547286] (4015400703976),4015400703976,0,0,0,r,DPR,Pants Mainline,Pants Mainline Carry Pack,Pants Mainline Carry Pack,2018.01.01,2019.12.31,,
81547287,PA PT DT0 S4 4X24 CP CEEMEA TAR wo EE {CS} [81547287] (4015400672616),4015400672616,0,0,0,r,DPR,Pants Mainline,Pants Mainline Carry Pack,Pants Mainline Carry Pack,2018.01.01,2019.12.31,,
81547288,PA PT DT0 S5 4X22 CP CEEMEA TAR wo EE {CS} [81547288] (4015400672654),4015400672654,0,0,0,r,DPR,Pants Mainline,Pants Mainline Carry Pack,Pants Mainline Carry Pack,2018.01.01,2019.12.31,,
81579624,PA PT DT0 S3 4X26 CP CEET DT TAR {CS} [81579624] (4015400703976),4015400703976,0,0,0,r,DPR,Pants Mainline,Pants Mainline Carry Pack,Pants Mainline Carry Pack,2018.01.01,2019.12.31,,
81580676,PA PT DT0 S4 4X24 CP CEET DT TAR {CS} [81580676] (4015400672616),4015400672616,0,0,0,r,DPR,Pants Mainline,Pants Mainline Carry Pack,Pants Mainline Carry Pack,2018.01.01,2019.12.31,,
81580678,PA PT DT0 S5 4X22 CP CEET DT TAR {CS} [81580678] (4015400672654),4015400672654,0,0,0,r,DPR,Pants Mainline,Pants Mainline Carry Pack,Pants Mainline Carry Pack,2018.01.01,2019.12.31,,
81580681,PA PT DT0 S6 4X19 CP CEET DT TAR {CS} [81580681] (4015400673361),4015400673361,0,0,0,r,DPR,Pants Mainline,Pants Mainline Carry Pack,Pants Mainline Carry Pack,2018.01.01,2019.12.31,,
81530038,Pampers Pants DT0 S4 2X52 JP CEEMEA NOV {CS} [81530038] (4015400672838),4015400672838,0,0,0,r,DPR,Pants Mainline,Pants Mainline Jumbo Pack,Pants Mainline Jumbo Pack,2018.01.01,2019.12.31,,
81544140,Pampers Pants DT0 S6 2X44 JP CEEMEA TAR {CS} [81544140] (4015400674016),4015400674016,0,0,0,r,DPR,Pants Mainline,Pants Mainline Jumbo Pack,Pants Mainline Jumbo Pack,2018.01.01,2019.12.31,,
81544141,Pampers Pants DT0 S6 2X44 JP CEEMEA NOV {CS} [81544141] (4015400674016),4015400674016,0,0,0,r,DPR,Pants Mainline,Pants Mainline Jumbo Pack,Pants Mainline Jumbo Pack,2018.01.01,2019.12.31,,
81547282,PA PT DT0 S3 2x60 JP CEEMEA TAR wo EE {CS} [81547282] (4015400682875),4015400682875,0,0,0,r,DPR,Pants Mainline,Pants Mainline Jumbo Pack,Pants Mainline Jumbo Pack,2018.01.01,2019.12.31,,
81547283,PA PT DT0 S4 2X52 JP CEEMEA TAR wo EE {CS} [81547283] (4015400672838),4015400672838,0,0,0,r,DPR,Pants Mainline,Pants Mainline Jumbo Pack,Pants Mainline Jumbo Pack,2018.01.01,2019.12.31,,
81547284,PA PT DT0 S5 2X48 JP CEEMEA TAR wo EE {CS} [81547284] (4015400672876),4015400672876,0,0,0,r,DPR,Pants Mainline,Pants Mainline Jumbo Pack,Pants Mainline Jumbo Pack,2018.01.01,2019.12.31,,
81579625,PA PT DT0 S3 2x60 JP CEET DT TAR {CS} [81579625] (4015400682875),4015400682875,0,0,0,r,DPR,Pants Mainline,Pants Mainline Jumbo Pack,Pants Mainline Jumbo Pack,2018.01.01,2019.12.31,,
81580677,PA PT DT0 S4 2X52 JP CEET DT TAR {CS} [81580677] (4015400672838),4015400672838,0,0,0,r,DPR,Pants Mainline,Pants Mainline Jumbo Pack,Pants Mainline Jumbo Pack,2018.01.01,2019.12.31,,
81580679,PA PT DT0 S5 2X48 JP CEET DT TAR {CS} [81580679] (4015400672876),4015400672876,0,0,0,r,DPR,Pants Mainline,Pants Mainline Jumbo Pack,Pants Mainline Jumbo Pack,2018.01.01,2019.12.31,,
81580682,PA PT DT0 S6 2X44 JP CEET DT TAR {CS} [81580682] (4015400674016),4015400674016,0,0,0,r,DPR,Pants Mainline,Pants Mainline Jumbo Pack,Pants Mainline Jumbo Pack,2018.01.01,2019.12.31,,
81530043,Pampers Pants DT0 S4 1x104 MB CEET NOV {CS} [81530043] (4015400697206),4015400697206,0,0,0,r,DPR,Pants Mainline,Pants Mainline Mega Box,Pants Mainline Mega Box,2018.01.01,2019.12.31,,
81544142,Pampers Pants DT0 S6 1x88 MB CEET TAR {CS} [81544142] (4015400697268),4015400697268,0,0,0,r,DPR,Pants Mainline,Pants Mainline Mega Box,Pants Mainline Mega Box,2018.01.01,2019.12.31,,
81544143,Pampers Pants DT0 S6 1x88 MB CEET NOV {CS} [81544143] (4015400697268),4015400697268,0,0,0,r,DPR,Pants Mainline,Pants Mainline Mega Box,Pants Mainline Mega Box,2018.01.01,2019.12.31,,
81547290,PA PT DT0 S3 1x120 MB CEEMEA TAR wo EE {CS} [81547290] (4015400697176),4015400697176,0,0,0,r,DPR,Pants Mainline,Pants Mainline Mega Box,Pants Mainline Mega Box,2018.01.01,2019.12.31,,
81547291,PA PT DT0 S4 1x104 MB CEEMEA TAR wo EE {CS} [81547291] (4015400697206),4015400697206,0,0,0,r,DPR,Pants Mainline,Pants Mainline Mega Box,Pants Mainline Mega Box,2018.01.01,2019.12.31,,
81547292,PA PT DT0 S5 1x96 MB CEEMEA TAR wo EE {CS} [81547292] (4015400697237),4015400697237,0,0,0,r,DPR,Pants Mainline,Pants Mainline Mega Box,Pants Mainline Mega Box,2018.01.01,2019.12.31,,
81579626,PA PT DT0 S3 1x120 MB CEET DT TAR {CS} [81579626] (4015400697176),4015400697176,0,0,0,r,DPR,Pants Mainline,Pants Mainline Mega Box,Pants Mainline Mega Box,2018.01.01,2019.12.31,,
81479495,Pampers Pants DT0 S6 4X19 CP CEEMEA L8PP {CS} [81479495] (4015400673361),4015400673361,0,0,0,r,DPR,Pants Mainline,Pants Mainline Carry Pack,Pants Mainline Carry Pack,2018.01.01,2019.12.31,,
81480087,PAMPERS PANTS DT0 S5 4X22 CP CEEMEA TAR {CS} [81480087] (4015400672654),4015400672654,0,0,0,r,DPR,Pants Mainline,Pants Mainline Carry Pack,Pants Mainline Carry Pack,2018.01.01,2019.12.31,,
81480091,Pampers Pants DT0 S4 2X52 JP CEEMEA TAR {CS} [81480091] (4015400672838),4015400672838,0,0,0,r,DPR,Pants Mainline,Pants Mainline Jumbo Pack,Pants Mainline Jumbo Pack,2018.01.01,2019.12.31,,
81541182,Pampers PT DT0 S4 4X24 CP CEEMEA TAR V2 {CS} [81541182] (4015400672616),4015400672616,0,0,0,r,DPR,Pants Mainline,Pants Mainline Carry Pack,Pants Mainline Carry Pack,2018.01.01,2019.12.31,,
81486924,Pampers Pants DT05 S4 1x22 CB CEEMEA TAR {CS} [81486924] (4015400680093),4015400680093,0,0,0,r,DPR,Pants Premium,Pants Premium Carry Pack,Pants Premium Carry Pack,2018.01.01,2019.12.31,,
81486932,Pampers Pants DT05 S5 1x20 CB CEEMEA TAR {CS} [81486932] (4015400680161),4015400680161,0,0,0,r,DPR,Pants Premium,Pants Premium Carry Pack,Pants Premium Carry Pack,2018.01.01,2019.12.31,,
81486922,Pampers Pants DT05 S4 1x44 VB CEEMEA TAR {CS} [81486922] (4015400680079),4015400680079,0,0,0,r,DPR,Pants Premium,Pants Premium Value Pack,Pants Premium Value Pack,2018.01.01,2019.12.31,,
81486928,Pampers Pants DT05 S5 1x40 VB CEEMEA TAR {CS} [81486928] (4015400680147),4015400680147,0,0,0,r,DPR,Pants Premium,Pants Premium Value Pack,Pants Premium Value Pack,2018.01.01,2019.12.31,,
81531175,PA PC BF6 S4 2x66 JP CEE TAR {CS} [81531175] (4015400507512),4015400507512,0,0,0,r,DPR,Premium,Premium Jumbo Pack,Premium Jumbo Pack,2018.01.01,2019.12.31,,
81531177,PA PC BF6 S5 2x56 JP CEE TAR {CS} [81531177] (4015400507543),4015400507543,0,0,0,r,DPR,Premium,Premium Jumbo Pack,Premium Jumbo Pack,2018.01.01,2019.12.31,,
81532778,PA PC BF6 S3 2x80 JP CEE TAR {CS} [81532778] (4015400507482),4015400507482,0,0,0,r,DPR,Premium,Premium Jumbo Pack,Premium Jumbo Pack,2018.01.01,2019.12.31,,
81534452,PA PC BF6 S2 2x96 JP CEE TAR {CS} [81534452] (4015400743231),4015400743231,0,0,0,r,DPR,Premium,Premium Jumbo Pack,Premium Jumbo Pack,2018.01.01,2019.12.31,,
81588417,PA PC BF6 S3 2x80 JP CEE EUS {CS} [81588417] (4015400507482),4015400507482,0,0,0,r,DPR,Premium,Premium Jumbo Pack,Premium Jumbo Pack,2018.01.01,2019.12.31,,
81611064,PA PC PRNC S2 2x96 JP CE TAR {CS} [81611064] (4015400743231),4015400743231,0,0,0,r,DPR,Premium,Premium Jumbo Pack,Premium Jumbo Pack,2018.01.01,2019.12.31,,
81611065,PA PC PRNC S3 2x80 JP CE TAR {CS} [81611065] (4015400507482),4015400507482,0,0,0,r,DPR,Premium,Premium Jumbo Pack,Premium Jumbo Pack,2018.01.01,2019.12.31,,
81611066,PA PC PRNC S4 2x66 JP CE TAR {CS} [81611066] (4015400507512),4015400507512,0,0,0,r,DPR,Premium,Premium Jumbo Pack,Premium Jumbo Pack,2018.01.01,2019.12.31,,
81611067,PA PC PRNC S5 2x56 JP CE TAR {CS} [81611067] (4015400507543),4015400507543,0,0,0,r,DPR,Premium,Premium Jumbo Pack,Premium Jumbo Pack,2018.01.01,2019.12.31,,
81532772,PA PC BF6 S3 1x120 MB CEE TAR {CS} [81532772] (4015400489368),4015400489368,0,0,0,r,DPR,Premium,Premium Mega Box,Premium Mega Box,2018.01.01,2019.12.31,,
81532773,PA PC BF6 S4 1x104 MB CEE TAR {CS} [81532773] (4015400489375),4015400489375,0,0,0,r,DPR,Premium,Premium Mega Box,Premium Mega Box,2018.01.01,2019.12.31,,
81532774,PA PC BF6 S5 1x88 MB CEE TAR {CS} [81532774] (4015400541806),4015400541806,0,0,0,r,DPR,Premium,Premium Mega Box,Premium Mega Box,2018.01.01,2019.12.31,,
81588415,PA PC BF6 S3 1x120 MB CEE EUS {CS} [81588415] (4015400489368),4015400489368,0,0,0,r,DPR,Premium,Premium Mega Box,Premium Mega Box,2018.01.01,2019.12.31,,
81611069,PA PC PRNC S2 1x148 MB CE TAR {CS} [81611069] (4015400770268),4015400770268,0,0,0,r,DPR,Premium,Premium Mega Box,Premium Mega Box,2018.01.01,2019.12.31,,
81611070,PA PC PRNC S3 1x120 MB CE TAR {CS} [81611070] (4015400489368),4015400489368,0,0,0,r,DPR,Premium,Premium Mega Box,Premium Mega Box,2018.01.01,2019.12.31,,
81611071,PA PC PRNC S4 1x104 MB CE TAR {CS} [81611071] (4015400489375),4015400489375,0,0,0,r,DPR,Premium,Premium Mega Box,Premium Mega Box,2018.01.01,2019.12.31,,
81611073,PA PC PRNC S5 1x88 MB CE TAR {CS} [81611073] (4015400541806),4015400541806,0,0,0,r,DPR,Premium,Premium Mega Box,Premium Mega Box,2018.01.01,2019.12.31,,
81559718,PA SRP PC BF6 (S1 88+S2 80) VP CEN {CS} [81559718] (4015400817659),4015400817659,0,0,0,r,DPR,Premium,Premium Value Pack SRP,Premium Value Pack SRP,2018.01.01,2019.12.31,,
81559719,PA SRP PC BF6 (S1 88+S2 80) VP CES {CS} [81559719] (4015400817659),4015400817659,0,0,0,r,DPR,Premium,Premium Value Pack SRP,Premium Value Pack SRP,2018.01.01,2019.12.31,,
81559720,PA SRP 2xPC BF6 S2 2x80 VP CES {CS} [81559720] (4015400817710),4015400817710,0,0,0,r,DPR,Premium,Premium Value Pack SRP,Premium Value Pack SRP,2018.01.01,2019.12.31,,
81559721,PA SRP 2xPC BF6 S2 2x80 VP CEN {CS} [81559721] (4015400817710),4015400817710,0,0,0,r,DPR,Premium,Premium Value Pack SRP,Premium Value Pack SRP,2018.01.01,2019.12.31,,
81532682,PA PC BF6 S0 4x30 SMP CEE TAR {CS} [81532682] (4015400536840),4015400536840,0,0,0,r,DPR,Premium,Premium Small Pack,Premium Small Pack,2018.01.01,2019.12.31,,
81532764,PA PC BF6 S1 6x22 SMP CEE TAR {CS} [81532764] (4015400687689),4015400687689,0,0,0,r,DPR,Premium,Premium Small Pack,Premium Small Pack,2018.01.01,2019.12.31,,
81532765,PA PC BF6 S2 6x22 SMP CEE TAR {CS} [81532765] (4015400687726),4015400687726,0,0,0,r,DPR,Premium,Premium Small Pack,Premium Small Pack,2018.01.01,2019.12.31,,
81565495,PA PC BF6 S1 6x22 SMP CEE TAR Rev {CS} [81565495] (4015400687689),4015400687689,0,0,0,r,DPR,Premium,Premium Small Pack,Premium Small Pack,2018.01.01,2019.12.31,,
81611053,PA PC PRNC S1 6x22 SMP CE TAR {CS} [81611053] (4015400687689),4015400687689,0,0,0,r,DPR,Premium,Premium Small Pack,Premium Small Pack,2018.01.01,2019.12.31,,
81611054,PA PC PRNC S2 6x22 SMP CE TAR {CS} [81611054] (4015400687726),4015400687726,0,0,0,r,DPR,Premium,Premium Small Pack,Premium Small Pack,2018.01.01,2019.12.31,,
81612254,PA PC PRNC S0 4x30 SMP CEET TAR {CS} [81612254] (4015400536840),4015400536840,0,0,0,r,DPR,Premium,Premium Small Pack,Premium Small Pack,2018.01.01,2019.12.31,,
81531172,PA PC BF6 S5 2x44 VP CEE TAR {CS} [81531172] (4015400746423),4015400746423,0,0,0,r,DPR,Premium,Premium Value Pack,Premium Value Pack,2018.01.01,2019.12.31,,
81532775,PA PC BF6 S1 2x88 VP CEE TAR {CS} [81532775] (4015400741596),4015400741596,0,0,0,r,DPR,Premium,Premium Value Pack,Premium Value Pack,2018.01.01,2019.12.31,,
81532776,PA PC BF6 S2 2x80 VP CEE TAR {CS} [81532776] (4015400741626),4015400741626,0,0,0,r,DPR,Premium,Premium Value Pack,Premium Value Pack,2018.01.01,2019.12.31,,
81532777,PA PC BF6 S3 3x60 VP CEE TAR {CS} [81532777] (4015400741657),4015400741657,0,0,0,r,DPR,Premium,Premium Value Pack,Premium Value Pack,2018.01.01,2019.12.31,,
81566451,PA PC BF6 S4 2x52 VP CEE TAR Rev {CS} [81566451] (4015400912965),4015400912965,0,0,0,r,DPR,Premium,Premium Value Pack,Premium Value Pack,2018.01.01,2019.12.31,,
81588416,PA PC BF6 S3 3x60 VP CEE EUS {CS} [81588416] (4015400741657),4015400741657,0,0,0,r,DPR,Premium,Premium Value Pack,Premium Value Pack,2018.01.01,2019.12.31,,
81611058,PA PC PRNC S1 2x88 VP CE TAR {CS} [81611058] (4015400741596),4015400741596,0,0,0,r,DPR,Premium,Premium Value Pack,Premium Value Pack,2018.01.01,2019.12.31,,
81611059,PA PC PRNC S2 2x80 VP CE TAR {CS} [81611059] (4015400741626),4015400741626,0,0,0,r,DPR,Premium,Premium Value Pack,Premium Value Pack,2018.01.01,2019.12.31,,
81611060,PA PC PRNC S3 3x60 VP CE TAR {CS} [81611060] (4015400741657),4015400741657,0,0,0,r,DPR,Premium,Premium Value Pack,Premium Value Pack,2018.01.01,2019.12.31,,
81611061,PA PC PRNC S4 2x52 VP CE TAR {CS} [81611061] (4015400912965),4015400912965,0,0,0,r,DPR,Premium,Premium Value Pack,Premium Value Pack,2018.01.01,2019.12.31,,
81611062,PA PC PRNC S5 2x44 VP CE TAR {CS} [81611062] (4015400746423),4015400746423,0,0,0,r,DPR,Premium,Premium Value Pack,Premium Value Pack,2018.01.01,2019.12.31,,
81494320,PA PremCare BT20 S4 3x52 VP CEE TAR {CS} [81494320] (4015400490555),4015400490555,0,0,0,r,DPR,Premium,Premium Value Pack,Premium Value Pack,2018.01.01,2019.12.31,,
81629722,PA PC PRNC S3 2x80 JP CE EUS {CS} [81629722] (4015400507482),4015400507482,0,0,0,r,DPR,Premium,Premium Jumbo Pack,Premium Jumbo Pack,2018.01.01,2019.12.31,,
81512263,PA Sleep&Play SS5P S3 2x78 JP CEE {CS} [81512263] (4015400203513),4015400203513,0,0,0,r,DPR,S&P,S&P Jumbo Pack,S&P Jumbo Pack,2018.01.01,2019.12.31,,
81512266,PA Sleep&Play SS5P S4 2x68 JP CEE {CS} [81512266] (4015400203544),4015400203544,0,0,0,r,DPR,S&P,S&P Jumbo Pack,S&P Jumbo Pack,2018.01.01,2019.12.31,,
81512269,PA Sleep&Play SS5P S5 2x58 JP CEE {CS} [81512269] (4015400203575),4015400203575,0,0,0,r,DPR,S&P,S&P Jumbo Pack,S&P Jumbo Pack,2018.01.01,2019.12.31,,
81566410,PA Sleep&Play SF6 S3 3x78 JP CEE {CS} [81566410] (4015400912491),4015400912491,0,0,0,r,DPR,S&P,S&P Jumbo Pack,S&P Jumbo Pack,2018.01.01,2019.12.31,,
81566414,PA Sleep&Play SF6 S4 3x68 JP CEE {CS} [81566414] (4015400912583),4015400912583,0,0,0,r,DPR,S&P,S&P Jumbo Pack,S&P Jumbo Pack,2018.01.01,2019.12.31,,
81512246,PA Sleep&Play SS5P S3 2x58 VP CEE {CS} [81512246] (4015400224204),4015400224204,0,0,0,r,DPR,S&P,S&P Value Pack,S&P Value Pack,2018.01.01,2019.12.31,,
81512252,PA Sleep&Play SS5P S4 3x50 VP CEE {CS} [81512252] (4015400644187),4015400644187,0,0,0,r,DPR,S&P,S&P Value Pack,S&P Value Pack,2018.01.01,2019.12.31,,
81512258,PA Sleep&Play SS5P S5 2x42 VP CEE {CS} [81512258] (4015400224051),4015400224051,0,0,0,r,DPR,S&P,S&P Value Pack,S&P Value Pack,2018.01.01,2019.12.31,,
81566411,PA Sleep&Play SF6 S3 3x58 VP CEE {CS} [81566411] (4015400912521),4015400912521,0,0,0,r,DPR,S&P,S&P Value Pack,S&P Value Pack,2018.01.01,2019.12.31,,
81566415,PA Sleep&Play SF6 S4 4x50 VP CEE {CS} [81566415] (4015400912613),4015400912613,0,0,0,r,DPR,S&P,S&P Value Pack,S&P Value Pack,2018.01.01,2019.12.31,,
81566660,PA Sleep&Play SF6 S5 4x42 VP CEE {CS} [81566660] (4015400912668),4015400912668,0,0,0,r,DPR,S&P,S&P Value Pack,S&P Value Pack,2018.01.01,2019.12.31,,
81448298,PA Sleep&Play SS5 S3 2x78 JP CEE NOV {CS} [81448298] (4015400203513),4015400203513,0,0,0,r,DPR,S&P,S&P Jumbo Pack,S&P Jumbo Pack,2018.01.01,2019.12.31,,
81448305,PA Sleep&Play SS5 S4 2x68 JP CEE NOV {CS} [81448305] (4015400203544),4015400203544,0,0,0,r,DPR,S&P,S&P Jumbo Pack,S&P Jumbo Pack,2018.01.01,2019.12.31,,
81617898,PA SP SF6 S5 3x58 JP CEE rev {CS} [81617898] (8001090277978),8001090277978,0,0,0,r,DPR,S&P,S&P Jumbo Pack,S&P Jumbo Pack,2018.01.01,2019.12.31,,
81563390,PA BW SN AR3 12x56 GIGA CEEMEA exEUS {CS} [81563390] (4015400622284),4015400622284,0,0,0,r,BWP,Wipes,Wipes 12x,Wipes 12x,2018.01.01,2019.12.31,,
81563391,PA BW SN AR3 12x56 GIGA CEEMEA exMQZ {CS} [81563391] (),4015400622284,0,0,0,r,BWP,Wipes,Wipes 12x,Wipes 12x,2018.01.01,2019.12.31,,
81565072,PA BW FC AR3 12x64 GIGA CEEMEA exEUS {CS} [81565072] (),4015400622598,0,0,0,r,BWP,Wipes,Wipes 12x,Wipes 12x,2018.01.01,2019.12.31,,
81565073,PA BW FC AR3 12x64 GIGA CEEMEA exMQZ {CS} [81565073] (4015400622598),4015400622598,0,0,0,r,BWP,Wipes,Wipes 12x,Wipes 12x,2018.01.01,2019.12.31,,
81483194,PA BW NC FF AR2 12x64 SRP CEEMEA exEUS {CS} [81483194] (4015400636946),4015400636946,0,0,0,r,BWP,Wipes,Wipes 1x,Wipes 1x,2018.01.01,2019.12.31,,
81483375,PA BW SN AR2 12x56 LID SRP CEEMEA exMQZ {CS} [81483375] (4015400636601),4015400636601,0,0,0,r,BWP,Wipes,Wipes 1x,Wipes 1x,2018.01.01,2019.12.31,,
81483414,PA BW SN AR2 12x56 LID SRP CEEMEA exEUS {CS} [81483414] (4015400636601),4015400636601,0,0,0,r,BWP,Wipes,Wipes 1x,Wipes 1x,2018.01.01,2019.12.31,,
81484106,PA BW FC AR2 12x64 SRP CEEMEA exMQZ {CS} [81484106] (4015400439103),4015400439103,0,0,0,r,BWP,Wipes,Wipes 1x,Wipes 1x,2018.01.01,2019.12.31,,
81550638,PA BW FC AR3 12x64 LID SRP CEEMEA exEUS {CS} [81550638] (4015400439103),4015400439103,0,0,0,r,BWP,Wipes,Wipes 1x,Wipes 1x,2018.01.01,2019.12.31,,
81550639,PA BW FC AR3 12x64 LID SRP CEEMEA exMQZ {CS} [81550639] (4015400439103),4015400439103,0,0,0,r,BWP,Wipes,Wipes 1x,Wipes 1x,2018.01.01,2019.12.31,,
81551155,PA BW SN AR3 12x56 LID SRP CEEMEA exMQZ {CS} [81551155] (4015400636632),4015400636632,0,0,0,r,BWP,Wipes,Wipes 1x,Wipes 1x,2018.01.01,2019.12.31,,
81551156,PA BW SN AR3 12x56 LID SRP CEEMEA exEUS {CS} [81551156] (4015400636632),4015400636632,0,0,0,r,BWP,Wipes,Wipes 1x,Wipes 1x,2018.01.01,2019.12.31,,
81554148,PA BW NC FF AR3 12x64 LID SRP CEEMEA EUS {CS} [81554148] (4015400636823),4015400636823,0,0,0,r,BWP,Wipes,Wipes 1x,Wipes 1x,2018.01.01,2019.12.31,,
81491726,PA BW SN NB AR2 12x54 LID SRP CEEMEA {CS} [81491726] (4015400686095),4015400686095,0,0,0,r,BWP,Wipes,Wipes 1x - NewBorn,Wipes 1x - NewBorn,2018.01.01,2019.12.31,,
81554146,PA BW SN NB AR3 12x54 LID SRP CEEMEA {CS} [81554146] (4015400686095),4015400686095,0,0,0,r,BWP,Wipes,Wipes 1x - NewBorn,Wipes 1x - NewBorn,2018.01.01,2019.12.31,,
81483196,PA BW NC FF AR2 6X2X64 SRP CEEMEA exEUS {CS} [81483196] (4015400637004),4015400637004,0,0,0,r,BWP,Wipes,Wipes 2x,Wipes 2x,2018.01.01,2019.12.31,,
81483376,PA BW SN AR2 6x2x56 SRP CEEMEA exMQZ {CS} [81483376] (4015400636663),4015400636663,0,0,0,r,BWP,Wipes,Wipes 2x,Wipes 2x,2018.01.01,2019.12.31,,
81483430,PA BW SN AR2 6x2x56 SRP CEEMEA exEUS {CS} [81483430] (4015400636663),4015400636663,0,0,0,r,BWP,Wipes,Wipes 2x,Wipes 2x,2018.01.01,2019.12.31,,
81484113,PA BW FC AR2 6x2x64 SRP CEEMEA exMQZ {CS} [81484113] (4015400439196),4015400439196,0,0,0,r,BWP,Wipes,Wipes 2x,Wipes 2x,2018.01.01,2019.12.31,,
81550640,PA BW FC AR3 6x2x64 SRP CEEMEA exEUS {CS} [81550640] (4015400439196),4015400439196,0,0,0,r,BWP,Wipes,Wipes 2x,Wipes 2x,2018.01.01,2019.12.31,,
81550641,PA BW FC AR3 6x2x64 SRP CEEMEA exMQZ {CS} [81550641] (4015400439196),4015400439196,0,0,0,r,BWP,Wipes,Wipes 2x,Wipes 2x,2018.01.01,2019.12.31,,
81551157,PA BW SN AR3 6x2x56 SRP CEEMEA exMQZ {CS} [81551157] (4015400636663),4015400636663,0,0,0,r,BWP,Wipes,Wipes 2x,Wipes 2x,2018.01.01,2019.12.31,,
81551158,PA BW SN AR3 6x2x56 SRP CEEMEA exEUS {CS} [81551158] (4015400636663),4015400636663,0,0,0,r,BWP,Wipes,Wipes 2x,Wipes 2x,2018.01.01,2019.12.31,,
81554149,PA BW NC FF AR3 6X2X64 SRP CEEMEA exEUS {CS} [81554149] (4015400637004),4015400637004,0,0,0,r,BWP,Wipes,Wipes 2x,Wipes 2x,2018.01.01,2019.12.31,,
81483197,PA BW NC FF AR2 3X4X64 SRP CEEMEA exEUS {CS} [81483197] (4015400637035),4015400637035,0,0,0,r,BWP,Wipes,Wipes 4x,Wipes 4x,2018.01.01,2019.12.31,,
81483377,PA BW SN AR2 3x4x56 SRP CEEMEA exMQZ {CS} [81483377] (4015400636700),4015400636700,0,0,0,r,BWP,Wipes,Wipes 4x,Wipes 4x,2018.01.01,2019.12.31,,
81484119,PA BW FC AR2 3x4x64 SRP CEEMEA exMQZ {CS} [81484119] (4015400439257),4015400439257,0,0,0,r,BWP,Wipes,Wipes 4x,Wipes 4x,2018.01.01,2019.12.31,,
81551132,PA BW FC AR3 3x4x64 SRP CEEMEA exEUS {CS} [81551132] (4015400622727),4015400622727,0,0,0,r,BWP,Wipes,Wipes 4x,Wipes 4x,2018.01.01,2019.12.31,,
81551133,PA BW FC AR3 3x4x64 SRP CEEMEA exMQZ {CS} [81551133] (4015400622727),4015400622727,0,0,0,r,BWP,Wipes,Wipes 4x,Wipes 4x,2018.01.01,2019.12.31,,
81551844,PA BW SN AR3 3x4x56 SRP CEEMEA exMQZ {CS} [81551844] (4015400622062),4015400622062,0,0,0,r,BWP,Wipes,Wipes 4x,Wipes 4x,2018.01.01,2019.12.31,,
81551845,PA BW SN AR3 3x4x56 SRP CEEMEA exEUS {CS} [81551845] (4015400622062),4015400622062,0,0,0,r,BWP,Wipes,Wipes 4x,Wipes 4x,2018.01.01,2019.12.31,,
81554446,PA BW NC FF AR3 3X4X64 SRP EMEA {CS} [81554446] (4015400622475),4015400622475,0,0,0,r,BWP,Wipes,Wipes 4x,Wipes 4x,2018.01.01,2019.12.31,,
81483410,PA BW SN AR2 2x6x56 SRP CEEMEA exMQZ {CS} [81483410] (4015400636731),4015400636731,0,0,0,r,BWP,Wipes,Wipes 6x,Wipes 6x,2018.01.01,2019.12.31,,
81484124,PA BW FC AR2 2x6x64 CEEMEA exMQZ {CS} [81484124] (4015400439288),4015400439288,0,0,0,r,BWP,Wipes,Wipes 6x,Wipes 6x,2018.01.01,2019.12.31,,
81493635,PA BW NC FF AR2 2X6X64 SRP CEEMEA exEUS {CS} [81493635] (4015400689089),4015400689089,0,0,0,r,BWP,Wipes,Wipes 6x,Wipes 6x,2018.01.01,2019.12.31,,
81551142,PA BW FC AR3 2x6x64 SRP CEEMEA exEUS {CS} [81551142] (4015400439288),4015400439288,0,0,0,r,BWP,Wipes,Wipes 6x,Wipes 6x,2018.01.01,2019.12.31,,
81551143,PA BW FC AR3 2x6x64 SRP CEEMEA exMQZ {CS} [81551143] (4015400439288),4015400439288,0,0,0,r,BWP,Wipes,Wipes 6x,Wipes 6x,2018.01.01,2019.12.31,,
81551850,PA BW SN AR3 2x6x56 SRP CEEMEA exMQZ {CS} [81551850] (4015400636731),4015400636731,0,0,0,r,BWP,Wipes,Wipes 6x,Wipes 6x,2018.01.01,2019.12.31,,
81551851,PA BW SN AR3 2x6x56 SRP CEEMEA exEUS {CS} [81551851] (4015400636731),4015400636731,0,0,0,r,BWP,Wipes,Wipes 6x,Wipes 6x,2018.01.01,2019.12.31,,
81554447,PA BW NC FF AR3 2X6X64 SRP EMEA {CS} [81554447] (4015400689089),4015400689089,0,0,0,r,BWP,Wipes,Wipes 6x,Wipes 6x,2018.01.01,2019.12.31,,
81563388,PA BW SN AR3 9x56 MEGA CEEMEA exEUS {CS} [81563388] (4015400622253),4015400622253,0,0,0,r,BWP,Wipes,Wipes 9x,Wipes 9x,2018.01.01,2019.12.31,,
81563389,PA BW SN AR3 9x56 MEGA CEEMEA exMQZ {CS} [81563389] (4015400622253),4015400622253,0,0,0,r,BWP,Wipes,Wipes 9x,Wipes 9x,2018.01.01,2019.12.31,,
81565070,PA BW FC AR3 9x64 MEGA CEEMEA exEUS {CS} [81565070] (4015400622567),4015400622567,0,0,0,r,BWP,Wipes,Wipes 9x,Wipes 9x,2018.01.01,2019.12.31,,
81565071,PA BW FC AR3 9x64 MEGA CEEMEA exMQZ {CS} [81565071] (4015400622567),4015400622567,0,0,0,r,BWP,Wipes,Wipes 9x,Wipes 9x,2018.01.01,2019.12.31,,
81605028,PA BW DRP (48XSN56+72XFC64) AR3 CEN {CS} [81605028] (8001090180063),8001090180063,0,0,0,r,BWP,Wipes,Wipes DRP,Wipes DRP,2018.01.01,2019.12.31,,
81605029,PA BW DRP (48XSN56+72XFC64) AR3 CES {CS} [81605029] (8001090180063),8001090180063,0,0,0,r,BWP,Wipes,Wipes DRP,Wipes DRP,2018.01.01,2019.12.31,,
81630299,PA ABD M6 S4 1x106 MBM CEE BB {CS} [81630299] (4015400737254),4015400737254,0,0,0,r,DPR,BSOD,BSOD Minibox,BSOD Minibox,2018.01.01,2019.12.31,,
81630301,PA ABD M6 S4 1x106 MBM CEE GYO BB {CS} [81630301] (4015400737254),4015400737254,0,0,0,r,DPR,BSOD,BSOD Minibox,BSOD Minibox,2018.01.01,2019.12.31,,
81630307,PA ABD M6 S4 2x49 VP CEE DCT BB {CS} [81630307] (4015400735649),4015400735649,0,0,0,r,DPR,BSOD,BSOD Value Pack,BSOD Value Pack,2018.01.01,2019.12.31,,
81630311,PA ABD M6 S4P 1x96 MBM CEE BB {CS} [81630311] (4015400737292),4015400737292,0,0,0,r,DPR,BSOD,BSOD Minibox,BSOD Minibox,2018.01.01,2019.12.31,,
81630313,PA ABD M6 S4P 1x96 MBM CEE GYO BB {CS} [81630313] (4015400737292),4015400737292,0,0,0,r,DPR,BSOD,BSOD Minibox,BSOD Minibox,2018.01.01,2019.12.31,,
81630314,PA ABD M6 S4P 2x53 VPP CEE BB {CS} [81630314] (8001090388612),8001090388612,0,0,0,r,DPR,BSOD,BSOD Value Pack Plus,BSOD Value Pack Plus,2018.01.01,2019.12.31,,
81630500,PA SRP ABD M6 S4 8x36 CP PL HU HR {CS} [81630500] (8001090389763),8001090389763,0,0,0,r,DPR,BSOD,BSOD Carry Pack SRP,BSOD Carry Pack SRP,2018.01.01,2019.12.31,,
81630501,PA SRP ABD M6 S3 8x42 CP PL HU HR {CS} [81630501] (8001090389794),8001090389794,0,0,0,r,DPR,BSOD,BSOD Carry Pack SRP,BSOD Carry Pack SRP,2018.01.01,2019.12.31,,
81636922,PA SRP PC PRNC (S1+S2) VP CEN {CS} [81636922] (4015400817659),4015400817659,0,0,0,r,DPR,Premium,Premium Value Pack SRP,Premium Value Pack SRP,2018.01.01,2019.12.31,,
81629727,PA PC PRNC S3 1x120 MB CE EUS {CS} [81629727] (4015400489368),4015400489368,0,0,0,r,DPR,Premium,Premium Mega Box,Premium Mega Box,2018.01.01,2019.12.31,,
81630308,PA ABD M6 S4 2x49 VP CEE DCT GYO BB {CS} [81630308] (4015400735649),4015400735649,0,0,0,r,DPR,BSOD,BSOD Value Pack,BSOD Value Pack,2018.01.01,2019.12.31,,
81630309,PA ABD M6 S4 4x49 SRP CEE BB {CS} [81630309] (4015400737452),4015400737452,0,0,0,r,DPR,BSOD,BSOD Online Discounter VP SRP,BSOD Online Discounter VP SRP,2018.01.01,2019.12.31,,
81630315,PA ABD M6 S4P 2x53 VPP CEE GYO BB {CS} [81630315] (8001090388612),8001090388612,0,0,0,r,DPR,BSOD,BSOD Value Pack Plus,BSOD Value Pack Plus,2018.01.01,2019.12.31,,
81635078,PA NBD M6 S2 3x76 VPP HU/HR/CZ/SK {CS} [81635078] (8001090441164),8001090441164,0,0,0,r,DPR,BSOD,BSOD Offline VPP SRP,BSOD Offline VPP SRP,2018.01.01,2019.12.31,,
81636924,PA SRP 2xPC PRNC S2 2x80 VP CEN,4015400817710,0,0,0,r,DPR,Premium,Premium Value Pack SRP,Premium Value Pack SRP,2018.01.01,2019.12.31,,
81636925,PA SRP 2xPC PRNC S2 2x80 VP CES,4015400817710,0,0,0,r,DPR,Premium,Premium Value Pack SRP,Premium Value Pack SRP,2018.01.01,2019.12.31,,
81636923,PA SRP PC PRNC (S1 2X88+S2 2x80) VP CES,4015400817659,0,0,0,r,DPR,Premium,Premium Value Pack SRP,Premium Value Pack SRP,2018.01.01,2019.12.31,,
81636089,PA ABD M6 S6 1x124 MSB CEET,8001090448422,0,0,0,r,DPR,BSOD,BSOD Monthly Saving Box,BSOD Monthly Saving Box,2018.01.01,2019.12.31,,
81636087,PA ABD M6 S4P 1x152 MSB CEET,8001090448392,0,0,0,r,DPR,BSOD,BSOD Monthly Saving Box,BSOD Monthly Saving Box,2018.01.01,2019.12.31,,
81630310,PA ABD M6 S4 4x49 SRP CEE GYO BB,4015400737452,0,0,0,r,DPR,BSOD,BSOD Online Discounter VP SRP,BSOD Online Discounter VP SRP,2018.01.01,2019.12.31,,
81631824,PA ABD M6 S4 3x49 SRP CEE PTC,8001090402011,0,0,0,r,DPR,BSOD,BSOD Online Discounter VP SRP,BSOD Online Discounter VP SRP,2018.01.01,2019.12.31,,
81615760,PA ABD M6 S3 3x58 SRP CEE PTC,8001090256492,0,0,0,r,DPR,BSOD,BSOD Online Discounter VP SRP,BSOD Online Discounter VP SRP,2018.01.01,2019.12.31,,
81631828,PA ABD M6 S5 3x42 SRP CEE PTC,8001090402080,0,0,0,r,DPR,BSOD,BSOD Online Discounter VP SRP,BSOD Online Discounter VP SRP,2018.01.01,2019.12.31,,
81630324,PA ABD M6 S6 2x54 JP CEE BB,4015400244868,0,0,0,r,DPR,BSOD,BSOD Jumbo Pack,BSOD Jumbo Pack,2018.01.01,2019.12.31,,
81630450,PA ABD M6 S4 3x64 JP CEE PL,8001090278036,0,0,0,r,DPR,BSOD,BSOD Jumbo Pack DCT,BSOD Jumbo Pack DCT,2018.01.01,2019.12.31,,
81616901,PA ABD M6 S3 2x74 JP (PL),4015400736493,0,0,0,r,DPR,BSOD,BSOD Jumbo Pack DCT,BSOD Jumbo Pack DCT,2018.01.01,2019.12.31,,
81630305,PA ABD M6 S4 1x147 MBPlus CEE GYO BB,4015400737575,0,0,0,r,DPR,BSOD,BSOD MegaBox Plus,BSOD MegaBox Plus,2018.01.01,2019.12.31,,
81632047,PA SRP NBD M6 S2 8x43 CP PL HU HR,8001090404664,0,0,0,r,DPR,BSOD,BSOD Carry Pack SRP,BSOD Carry Pack SRP,2018.01.01,2019.12.31,,
81568904,PA NBD M6 S2 4x68 SRP CEE,4015400737377,0,0,0,r,DPR,BSOD,BSOD Value Pack SRP,BSOD Value Pack SRP,2018.01.01,2019.12.31,,
81615758,PA NBD M6 S2 3x68 SRP CEE PTC,8001090256430,0,0,0,r,DPR,BSOD,BSOD Online Discounter VP SRP,BSOD Online Discounter VP SRP,2018.01.01,2019.12.31,,
81627489,PA PT DT0 S3 4X26 CP CEET DT perf,4015400703976,0,0,0,r,DPR,Pants Mainline,Pants Mainline Carry Pack,Pants Mainline Carry Pack,2018.01.01,2019.12.31,,
81627490,PA PT DT0 S3 2x60 JP CEET DT perf,4015400682875,0,0,0,r,DPR,Pants Mainline,Pants Mainline Jumbo Pack,Pants Mainline Jumbo Pack,2018.01.01,2019.12.31,,
81627491,PA PT DT0 S3 1x120 MB CEET DT perf,4015400697176,0,0,0,r,DPR,Pants Mainline,Pants Mainline Mega Box,Pants Mainline Mega Box,2018.01.01,2019.12.31,,
81630499,PA SRP ABD M6 S5 8x28 CP PL HU HR {CS} [81630499] (8001090389732),8001090389732,0,0,0,r,DPR,BSOD,BSOD Carry Pack SRP,BSOD Carry Pack SRP,2018.01.01,2019.12.31,,
81634159,PA PC PRNC S0 2x38 PHP TPB,8001090434876,0,0,0,r,DPR,ProCare,ProCare PHP,ProCare PHP,2018.01.01,2019.12.31,,
81634160,PA PC PRNC S1 2x38 PHP,8001090434906,0,0,0,r,DPR,ProCare,ProCare PHP,ProCare PHP,2018.01.01,2019.12.31,,
81634161,PA PC PRNC S2 4x36 PHP,8001090434937,0,0,0,r,DPR,ProCare,ProCare PHP,ProCare PHP,2018.01.01,2019.12.31,,
81634162,PA PC PRNC S3 4x32 PHP,8001090434968,0,0,0,r,DPR,ProCare,ProCare PHP,ProCare PHP,2018.01.01,2019.12.31,,
81566664,PA Sleep&Play SF6 S3 3x58 VP CEE NOV {CS} [81566664] (4015400912521),4015400912521,0,0,0,r,DPR,S&P,S&P Value Pack,S&P Value Pack,2018.01.01,2019.12.31,,
81566841,PA Sleep&Play SF6 S4 4X50 VP CEE NOV {CS} [81566841] (4015400912613),4015400912613,0,0,0,r,DPR,S&P,S&P Value Pack,S&P Value Pack,2018.01.01,2019.12.31,,
81566844,PA Sleep&Play SF6 S5 4x42 VP CEE NOV {CS} [81566844] (4015400912668),4015400912668,0,0,0,r,DPR,S&P,S&P Value Pack,S&P Value Pack,2018.01.01,2019.12.31,,
81629462,PA PC PRNC S2 1x240 MSB CEET GR {CS} [81629462] (),8001090580740,0,0,0,r,DPR,Premium,Premium Monthly Saving Box,Premium Monthly Saving Box,2018.01.01,2019.12.31,,
81629463,PA PC PRNC S3 1x204 MSB CEET GR {CS} [81629463] (),8001090580733,0,0,0,r,DPR,Premium,Premium Monthly Saving Box,Premium Monthly Saving Box,2018.01.01,2019.12.31,,
81629464,PA PC PRNC S4 1x168 MSB CEET GR {CS} [81629464] (),8001090580726,0,0,0,r,DPR,Premium,Premium Monthly Saving Box,Premium Monthly Saving Box,2018.01.01,2019.12.31,,
81629465,PA PC PRNC S5 1x136 MSB CEET GR {CS} [81629465] (),8001090579515,0,0,0,r,DPR,Premium,Premium Monthly Saving Box,Premium Monthly Saving Box,2018.01.01,2019.12.31,,
81623973,PA Sleep&Play SF6 S4 4X50 VP CEE NOV leg {CS} [81623973] (4015400912613),4015400912613,0,0,0,r,DPR,S&P,S&P Value Pack,S&P Value Pack,2018.01.01,2019.12.31,,
81624116,PA ABD M6 S4P 2x70 GP CEE NOV leg {CS} [81624116] (4015400736295),4015400736295,0,0,0,r,DPR,BSOD,BSOD Giant Pack,BSOD Giant Pack,2018.01.01,2019.12.31,,
81630302,PA ABD M6 S4 1x106 MBM CEE NOV BB {CS} [81630302] (4015400737254),4015400737254,0,0,0,r,DPR,BSOD,BSOD Minibox,BSOD Minibox,2018.01.01,2019.12.31,,
81565073,PA BW FC AR3 12x64 GIGA CEEMEA exMQZ {CS} [81565073] (),4015400622598,0,0,0,r,BWP,Wipes,Wipes 12x,Wipes 12x,2018.01.01,2019.12.31,,
81565070,PA BW FC AR3 9x64 MEGA CEEMEA exEUS {CS} [81565070] (),4015400622567,0,0,0,r,BWP,Wipes,Wipes 9x,Wipes 9x,2018.01.01,2019.12.31,,
81565071,PA BW FC AR3 9x64 MEGA CEEMEA exMQZ {CS} [81565071] (),4015400622567,0,0,0,r,BWP,Wipes,Wipes 9x,Wipes 9x,2018.01.01,2019.12.31,,
81563391,PA BW SN AR3 12x56 GIGA CEEMEA exMQZ {CS} [81563391] (),4015400622284,0,0,0,r,BWP,Wipes,Wipes 12x,Wipes 12x,2018.01.01,2019.12.31,,
81563388,PA BW SN AR3 9x56 MEGA CEEMEA exEUS {CS} [81563388] (),4015400622253,0,0,0,r,BWP,Wipes,Wipes 9x,Wipes 9x,2018.01.01,2019.12.31,,
81563389,PA BW SN AR3 9x56 MEGA CEEMEA exMQZ {CS} [81563389] (),4015400622253,0,0,0,r,BWP,Wipes,Wipes 9x,Wipes 9x,2018.01.01,2019.12.31,,
81646265,PA ABD M6P S4P 3x58 JP CEET DCT {CS} [81646265] (8001090522320),8001090522320,0,0,0,r,DPR,BSOD,BSOD Jumbo Pack DCT,BSOD Jumbo Pack DCT,2018.01.01,2019.12.31,,
81640935,PA ABD M6 S3 1x172 MQP CEET {CS} [81640935] (8001090459589),8001090459589,0,0,0,r,DPR,BSOD,BSOD MegaBox Plus,BSOD MegaBox Plus,2018.01.01,2019.12.31,,
81640938,PA ABD M6 S4 1x144 MQP CEET {CS} [81640938] (8001090459626),8001090459626,0,0,0,r,DPR,BSOD,BSOD MegaBox Plus,BSOD MegaBox Plus,2018.01.01,2019.12.31,,
81641394,PA ABD M6 S5 2x50 VPP CEE BB {CS} [81641394] (8001090487834),8001090487834,0,0,0,r,DPR,BSOD,BSOD Value Pack Plus,BSOD Value Pack Plus,2018.01.01,2019.12.31,,
81640942,PA ABD M6 S5 1x124 MQP CEET GYO {CS} [81640942] (8001090459671),8001090459671,0,0,0,r,DPR,BSOD,BSOD MegaBox Plus,BSOD MegaBox Plus,2018.01.01,2019.12.31,,
81494335,PA PremCare BT20 S2 2x90 JP CEE TAR {CS} [81494335] (4015400521051),4015400521051,0,0,0,r,DPR,Pants Mainline,Pants Mainline Jumbo Pack,Pants Mainline Jumbo Pack,2018.01.01,2019.12.31,,
81643039,PA PT DM6 S5 4x22 CP CEET TAR {CS} [81643039] (8001090501684),8001090501684,0,0,0,r,DPR,Pants Mainline,Pants Mainline Carry Pack,Pants Mainline Carry Pack,2018.01.01,2019.12.31,,
81643042,PA PT DM6 S6 4x19 CP CEET TAR {CS} [81643042] (8001090501752),8001090501752,0,0,0,r,DPR,Pants Mainline,Pants Mainline Carry Pack,Pants Mainline Carry Pack,2018.01.01,2019.12.31,,
81665988,PA BW AR3 DRP (84XSN56+84FC64) LID CES,8001090691699,0,0,0,r,BWP,Wipes,Wipes DRP,Wipes DRP,2018.01.01,2019.12.31,,
81665986,PA BW AR3 DRP (96XSN56+96FC64) LID CEN,8001090691699,0,0,0,r,BWP,Wipes,Wipes DRP,Wipes DRP,2018.01.01,2019.12.31,,
81637334,PA ABD M6 S4P 1x96 MCM CEET PL,8001090459350,0,0,0,r,DPR,BSOD,BSOD Minibox,BSOD Minibox,2018.01.01,2019.12.31,,
81637324,PA ABD M6 S3 1x124 MQM CEET {CS} [81637324] (8001090459268),8001090459268,0,0,0,r,DPR,BSOD,BSOD Minibox,BSOD Minibox,2018.01.01,2019.12.31,,
81637329,PA ABD M6 S4 1x106 MCM CEET {CS} [81637329] (8001090459312),8001090459312,0,0,0,r,DPR,BSOD,BSOD Minibox,BSOD Minibox,2018.01.01,2019.12.31,,
81637339,PA ABD M6 S5 1x88 MCM CEET {CS} [81637339] (8001090459398),8001090459398,0,0,0,r,DPR,BSOD,BSOD Minibox,BSOD Minibox,2018.01.01,2019.12.31,,
81627450,PA SRP ABD M6 S3 3x68 VPP PL {CS} [81627450] (8001090356925),8001090356925,0,0,0,r,DPR,BSOD,Biedronka SRP,Biedronka SRP,2018.01.01,2019.12.31,,
81627452,PA SRP ABD M6 S4P 3x45 VP PL {CS} [81627452] (8001090356987),8001090356987,0,0,0,r,DPR,BSOD,Biedronka SRP,Biedronka SRP,2018.01.01,2019.12.31,,
81627453,PA SRP ABD M6 S5 3x42 VP PL {CS} [81627453] (8001090357014),8001090357014,0,0,0,r,DPR,BSOD,Biedronka SRP,Biedronka SRP,2018.01.01,2019.12.31,,
81633164,PA SRP NBD M6 S2 3x76 VPP PL {CS} [81633164] (8001090420954),8001090420954,0,0,0,r,DPR,BSOD,Biedronka SRP,Biedronka SRP,2018.01.01,2019.12.31,,
81637289,PA NBD M6 S2 1x100 GC CEET {CS} [81637289] (8001090458841),8001090458841,0,0,0,r,DPR,BSOD,BSOD Giant Pack,BSOD Giant Pack,2018.01.01,2019.12.31,,
81637297,PA ABD M6 S3 1x108 GQP CEET GYO {CS} [81637297] (8001090458896),8001090458896,0,0,0,r,DPR,BSOD,BSOD Giant Pack Plus,BSOD Giant Pack Plus,2018.01.01,2019.12.31,,
81637305,PA ABD M6 S4 1x90 GCP CEET {CS} [81637305] (8001090459084),8001090459084,0,0,0,r,DPR,BSOD,BSOD Giant Pack Plus,BSOD Giant Pack Plus,2018.01.01,2019.12.31,,
81637310,PA ABD M6 S5 1x78 GCP CEET {CS} [81637310] (8001090459145),8001090459145,0,0,0,r,DPR,BSOD,BSOD Giant Pack Plus,BSOD Giant Pack Plus,2018.01.01,2019.12.31,,
81637312,PA ABD M6 S5 1x78 GCP CEET GYO {CS} [81637312] (8001090459145),8001090459145,0,0,0,r,DPR,BSOD,BSOD Giant Pack Plus,BSOD Giant Pack Plus,2018.01.01,2019.12.31,,
81637315,PA ABD M6 S6 1x66 GCP CEET {CS} [81637315] (8001090459183),8001090459183,0,0,0,r,DPR,BSOD,BSOD Giant Pack Plus,BSOD Giant Pack Plus,2018.01.01,2019.12.31,,
81637361,PA ABD M6 S5 1x110 MC CEET {CS} [81637361] (8001090459534),8001090459534,0,0,0,r,DPR,BSOD,BSOD Megabox,BSOD Megabox,2018.01.01,2019.12.31,,
81637346,PA ABD M6 S3 1x152 MQ CEET {CS} [81637346] (8001090459442),8001090459442,0,0,0,r,DPR,BSOD,BSOD Megabox,BSOD Megabox,2018.01.01,2019.12.31,,
81637348,PA ABD M6 S3 1x152 MQ CEET GYO {CS} [81637348] (8001090459442),8001090459442,0,0,0,r,DPR,BSOD,BSOD Megabox,BSOD Megabox,2018.01.01,2019.12.31,,
81637352,PA ABD M6 S4 1x132 MQ CEET GYO {CS} [81637352] (8001090459473),8001090459473,0,0,0,r,DPR,BSOD,BSOD Megabox,BSOD Megabox,2018.01.01,2019.12.31,,
81637358,PA ABD M6 S4P 1x120 MQ CEET GYO {CS} [81637358] (8001090459503),8001090459503,0,0,0,r,DPR,BSOD,BSOD Megabox,BSOD Megabox,2018.01.01,2019.12.31,,
81664885,PA SRP NBD M6 S2 8X43 CP CES {CS} [81664885] (8001090728258),8001090728258,0,0,0,r,DPR,BSOD,BSOD Carry Pack SRP,BSOD Carry Pack SRP,2018.01.01,2019.12.31,,
81669042,PA SRP NBD M6 S1 6X43 VP PL,8001090744470,0,0,0,r,DPR,BSOD,Biedronka SRP,Biedronka SRP,2018.01.01,2019.12.31,,
81669043,PA SRP ABD M6 S4 3X49 VP PL,8001090744500,0,0,0,r,DPR,BSOD,Biedronka SRP,Biedronka SRP,2018.01.01,2019.12.31,,
81669044,PA SRP ABD M6 S6 3X36 VP PL,8001090744531,0,0,0,r,DPR,BSOD,Biedronka SRP,Biedronka SRP,2018.01.01,2019.12.31,,
81606808,PA PT SK6 S4 4x22 CP CEET TAR {CS} [81606808] (8001090190437),8001090190437,0,0,0,r,DPR,Pants Premium,Pants Premium Carry Pack,Pants Premium Carry Pack,2018.01.01,2019.12.31,,
81606816,PA PT SK6 S3 2x56 VP CEET TAR {CS} [81606816] (4015400732181),4015400732181,0,0,0,r,DPR,Pants Premium,Pants Premium Value Pack,Pants Premium Value Pack,2018.01.01,2019.12.31,,
81667003,PA NBD M6 S2 1X144 MQM CEET REV {CS} [81667003] (8001090459220),8001090459220,0,0,0,r,DPR,BSOD,BSOD Minibox,BSOD Minibox,2018.01.01,2019.12.31,,
81606818,PA PT SK6 S4 2x44 VP CEET TAR {CS} [81606818] (8001090190567),8001090190567,0,0,0,r,DPR,Pants Premium,Pants Premium Value Pack,Pants Premium Value Pack,2018.01.01,2019.12.31,,
81606820,PA PT SK6 S5 2x40 VP CEET TAR {CS} [81606820] (8001090190598),8001090190598,0,0,0,r,DPR,Pants Premium,Pants Premium Value Pack,Pants Premium Value Pack,2018.01.01,2019.12.31,,
81606823,PA PT SK6 S6 2x36 VP CEET TAR {CS} [81606823] (8001090190628),8001090190628,0,0,0,r,DPR,Pants Premium,Pants Premium Value Pack,Pants Premium Value Pack,2018.01.01,2019.12.31,,
81606810,PA PT SK6 S5 4x20 CP CEET TAR {CS} [81606810] (8001090190499),8001090190499,0,0,0,r,DPR,Pants Premium,Pants Premium Carry Pack,Pants Premium Carry Pack,2018.01.01,2019.12.31,,
81571285,PA NBD M6 S2 9x17 SMP CEE {CS} [81571285] (4015400977834),4015400977834,0,0,0,r,DPR,BSOD,BSOD Small Pack,BSOD Small Pack,2018.01.01,2019.12.31,,
81571286,PA ABD M6 S3 8x15 SMP CEE {CS} [81571286] (8001090033291),8001090033291,0,0,0,r,DPR,BSOD,BSOD Small Pack,BSOD Small Pack,2018.01.01,2019.12.31,,
81571287,PA ABD M6 S4 8x13 SMP CEE {CS} [81571287] (8001090033321),8001090033321,0,0,0,r,DPR,BSOD,BSOD Small Pack,BSOD Small Pack,2018.01.01,2019.12.31,,
81647181,PA ABD M6 S5 8x11 SMP CEE rev {CS} [81647181] (8001090033376),8001090033376,0,0,0,r,DPR,BSOD,BSOD Small Pack,BSOD Small Pack,2018.01.01,2019.12.31,,
81668601,PA AF BF6 S4 1X168 CES {CS} [81668601] (8001090735003),8001090735003,0,0,0,r,DPR,Active Fit,AF Monthly Saving Box,AF Monthly Saving Box,2018.01.01,2019.12.31,,
81668602,PA AF BF6 S5 1X136 CES {CS} [81668602] (8001090735034),8001090735034,0,0,0,r,DPR,Active Fit,AF Monthly Saving Box,AF Monthly Saving Box,2018.01.01,2019.12.31,,
81668603,PA AF BF6 S6 1X120 CES {CS} [81668603] (8001090735065),8001090735065,0,0,0,r,DPR,Active Fit,AF Monthly Saving Box,AF Monthly Saving Box,2018.01.01,2019.12.31,,
81669008,PA BW SN AR3 24X12 SA SRP CEEMEA RU {CS} [81669008] (4015400636762),4015400636762,0,0,0,r,BWP,Wipes,Wipes Sample,Wipes Sample,2018.01.01,2019.12.31,,
81664437,PA SP V7 S3 3x58 VP CEE {CS} [81664437] (8001090746962),8001090746962,0,0,0,r,DPR,S&P,S&P Value Pack,S&P Value Pack,2018.01.01,2019.12.31,,
81664438,PA SP V7 S4 3x50 VP CEE {CS} [81664438] (8001090669032),8001090669032,0,0,0,r,DPR,S&P,S&P Value Pack,S&P Value Pack,2018.01.01,2019.12.31,,
81664439,PA SP V7 S5 4x42 VP CEE {CS} [81664439] (8001090784667),8001090784667,0,0,0,r,DPR,S&P,S&P Value Pack,S&P Value Pack,2018.01.01,2019.12.31,,
81666225,PA PT DM6 Lev S3 2x72 GP CEE TAR {CS} [81666225] (8001090694560),8001090694560,0,0,0,r,DPR,Pants Mainline,Pants Mainline Giant Pack,Pants Mainline Giant Pack,2018.01.01,2019.12.31,,
81666229,PA PT DM6 Lev S4 2x62 GP CEE TAR {CS} [81666229] (8001090694621),8001090694621,0,0,0,r,DPR,Pants Mainline,Pants Mainline Giant Pack,Pants Mainline Giant Pack,2018.01.01,2019.12.31,,
81666234,PA PT DM6 Lev S5 2x52 GP CEE TAR {CS} [81666234] (8001090694683),8001090694683,0,0,0,r,DPR,Pants Mainline,Pants Mainline Giant Pack,Pants Mainline Giant Pack,2018.01.01,2019.12.31,,
81666240,PA PT DM6 Lev S6 3x45 GP CEE TAR {CS} [81666240] (8001090694744),8001090694744,0,0,0,r,DPR,Pants Mainline,Pants Mainline Giant Pack,Pants Mainline Giant Pack,2018.01.01,2019.12.31,,
81666974,PA SPL POS S3 CP 8X12 EUR EX TAR {CS} [81666974] (8001090698339),8001090698339,0,0,0,r,DPR,Splashers,Splashers,Splashers,2018.01.01,2019.12.31,,
81666976,PA SPL POS S4 CP 8X11 EUR EX TAR {CS} [81666976] (8001090698377),8001090698377,0,0,0,r,DPR,Splashers,Splashers,Splashers,2018.01.01,2019.12.31,,
81668262,PA SPL POS S5 CP 8X10 EUR TPB {CS} [81668262] (8001090728944),8001090728944,0,0,0,r,DPR,Splashers,Splashers,Splashers,2018.01.01,2019.12.31,,
81677242,PA PT DM6 LEV S5 2X48 JP CEE TAR HC UOS {CS} [81677242] (8001090886491),8001090886491,0,0,0,r,DPR,Pants Mainline,Pants Mainline Jumbo Pack,Pants Mainline Jumbo Pack,2018.01.01,2019.12.31,,
81664440,PA SP V7 S3 3x78 JP CEE {CS} [81664440] (8001090669070),8001090669070,0,0,0,r,DPR,S&P,S&P Jumbo Pack,S&P Jumbo Pack,2018.01.01,2019.12.31,,
81666156,PA PT DM6 Lev S3 3x26 CP CEE TAR {CS} [81666156] (8001090822819),8001090822819,0,0,0,r,DPR,Pants Mainline,Pants Mainline Carry Pack,Pants Mainline Carry Pack,2018.01.01,2019.12.31,,
81666201,PA PT DM6 Lev S6 4x19 CP CEE TAR {CS} [81666201] (8001090823021),8001090823021,0,0,0,r,DPR,Pants Mainline,Pants Mainline Carry Pack,Pants Mainline Carry Pack,2018.01.01,2019.12.31,,
81672159,PA PT DM6 LEV S4 1X176 MSB CEET TAR {CS} [81672159] (8001090807915),8001090807915,0,0,0,r,DPR,Pants Mainline,Pants Mainline MSB,Pants Mainline MSB,2018.01.01,2019.12.31,,
81672161,PA PT DM6 LEV S5 1X152 MSB CEET TAR {CS} [81672161] (8001090807991),8001090807991,0,0,0,r,DPR,Pants Mainline,Pants Mainline MSB,Pants Mainline MSB,2018.01.01,2019.12.31,,
81672163,PA PT DM6 LEV S6 1X132 MSB CEET TAR {CS} [81672163] (8001090808073),8001090808073,0,0,0,r,DPR,Pants Mainline,Pants Mainline MSB,Pants Mainline MSB,2018.01.01,2019.12.31,,
81679121,PAMPERS DRP MIX 4XM6 (45 CU) PL {CS} [81679121] (8001090918338),8001090918338,0,0,0,r,DPR,BSOD,Biedronka DRP,Biedronka DRP,2018.01.01,2019.12.31,,
81681719,PA BW SRP AR3 (12 X FC64 + 6 X SN56) PL {CS} [81681719] (8001090388278),8001090388278,0,0,0,r,BWP,Wipes,Biedronka Wipes SRP,Biedronka Wipes SRP,2018.01.01,2019.12.31,,
81682990,PAMPERS DRP MIX SPL 48 CU PL {CS} [81682990] (8001090988010),8001090988010,0,0,0,r,DPR,Splashers,Splashers DRP,Splashers DRP,2018.01.01,2019.12.31,,
81685153,PA BW DRP MIX (FC&SN) 48CU CZ/SK/HU {CS} [81685153] (8001841017563),8001841017563,0,0,0,r,BWP,Wipes,Wipes 4x Tesco DRP,Wipes 4x Tesco DRP,2018.01.01,2019.12.31,,
